vehicle;ride;ws;anom;non_anom
Vehicle_1;events_4595074;15;40;102
Vehicle_1;events_4596154;15;21;41
Vehicle_1;events_4613800;15;18;52
Vehicle_1;events_4615977;15;28;52
Vehicle_1;events_4617067;15;88;208
Vehicle_1;events_4635057;15;6;7
Vehicle_1;events_4635736;15;41;91
Vehicle_1;events_4636811;15;23;41
Vehicle_1;events_4637203;15;25;44
Vehicle_1;events_4637536;15;24;44
Vehicle_1;events_4653595;15;19;49
Vehicle_1;events_4654690;15;27;106
Vehicle_1;events_4656079;15;22;32
Vehicle_1;events_4656440;15;4;25
Vehicle_1;events_4673501;15;43;86
Vehicle_1;events_4674841;15;7;1
Vehicle_1;events_4675138;15;30;162
Vehicle_1;events_4695799;15;37;106
Vehicle_1;events_4697405;15;18;43
Vehicle_1;events_4697940;15;32;37
Vehicle_1;events_4698272;15;7;4
Vehicle_1;events_4718376;15;84;176
Vehicle_1;events_4722712;15;19;52
Vehicle_1;events_4744452;15;32;111
Vehicle_1;events_4765946;15;16;51
Vehicle_1;events_4768346;15;22;122
Vehicle_1;events_4769562;15;40;91
Vehicle_1;events_4770262;15;3;5
Vehicle_1;events_4792086;15;38;106
Vehicle_1;events_4793264;15;21;43
Vehicle_1;events_4793684;15;0;61
Vehicle_1;events_4810071;15;25;43
Vehicle_1;events_4811705;15;34;103
Vehicle_1;events_4813043;15;26;41
Vehicle_1;events_4853176;15;13;11
Vehicle_1;events_4856335;15;3;3
Vehicle_1;events_4857010;15;32;100
Vehicle_1;events_4858154;15;23;43
Vehicle_1;events_4858835;15;16;10
Vehicle_1;events_4878783;15;18;62
Vehicle_1;events_4883779;15;40;95
Vehicle_1;events_4885327;15;15;49
Vehicle_1;events_4885992;15;3;5
Vehicle_1;events_4886235;15;23;35
Vehicle_1;events_4886994;15;6;28
Vehicle_1;events_4913081;15;41;102
Vehicle_1;events_4914311;15;21;50
Vehicle_1;events_4914734;15;17;34
Vehicle_1;events_4915035;15;6;21
Vehicle_1;events_4939965;15;41;90
Vehicle_1;events_4941555;15;19;47
Vehicle_1;events_4941998;15;2;2
Vehicle_1;events_4942202;15;28;35
Vehicle_1;events_4942422;15;10;41
Vehicle_1;events_4964829;15;41;99
Vehicle_1;events_4967282;15;13;34
Vehicle_1;events_4967949;15;10;29
Vehicle_1;events_4989537;15;16;56
Vehicle_1;events_4991921;15;29;117
Vehicle_1;events_4993778;15;14;61
Vehicle_1;events_4994793;15;3;5
Vehicle_1;events_4994970;15;37;104
Vehicle_1;events_5015556;15;3;16
Vehicle_1;events_5017311;15;37;86
Vehicle_1;events_5018821;15;25;39
Vehicle_1;events_5019351;15;25;47
Vehicle_1;events_5041577;15;4;4
Vehicle_1;events_5042205;15;43;83
Vehicle_1;events_5043407;15;40;77
Vehicle_1;events_5044355;15;22;29
Vehicle_1;events_5044916;15;20;31
Vehicle_1;events_5072211;15;52;136
Vehicle_1;events_5076879;15;30;35
Vehicle_1;events_5078257;15;19;33
Vehicle_1;events_5079757;15;7;24
Vehicle_1;events_5105402;15;5;2
Vehicle_1;events_5106752;15;53;89
Vehicle_1;events_5108720;15;28;43
Vehicle_1;events_5110230;15;10;3
Vehicle_1;events_5135726;15;30;103
Vehicle_1;events_5138203;15;32;55
Vehicle_1;events_5139910;15;20;35
Vehicle_1;events_5141240;15;15;40
Vehicle_1;events_5164475;15;10;13
Vehicle_1;events_5166696;15;33;33
Vehicle_1;events_5169243;15;47;93
Vehicle_1;events_5171329;15;22;42
Vehicle_10;events_8377353;15;16;64
Vehicle_10;events_8378448;15;23;50
Vehicle_10;events_8386689;15;7;111
Vehicle_10;events_8389637;15;15;63
Vehicle_10;events_8392065;15;3;62
Vehicle_10;events_8406702;15;13;66
Vehicle_10;events_8407354;15;6;73
Vehicle_10;events_8408143;15;13;68
Vehicle_10;events_8411328;15;36;38
Vehicle_10;events_8412158;15;15;63
Vehicle_10;events_8414312;15;45;35
Vehicle_10;events_8421882;15;22;60
Vehicle_10;events_8470333;15;5;72
Vehicle_10;events_8473066;15;38;76
Vehicle_10;events_8504916;15;22;93
Vehicle_10;events_8506574;15;37;38
Vehicle_10;events_8507648;15;17;83
Vehicle_10;events_8509100;15;8;66
Vehicle_10;events_8542291;15;50;29
Vehicle_10;events_8565821;15;10;69
Vehicle_10;events_8568143;15;21;61
Vehicle_10;events_8574284;15;18;106
Vehicle_10;events_8575945;15;52;27
Vehicle_10;events_8580796;15;10;70
Vehicle_10;events_8582576;15;1;3
Vehicle_10;events_8599266;15;17;82
Vehicle_10;events_8601407;15;42;33
Vehicle_10;events_8604714;15;10;70
Vehicle_10;events_8607119;15;7;91
Vehicle_10;events_8619906;15;14;62
Vehicle_10;events_8622699;15;19;47
Vehicle_10;events_8626488;15;16;58
Vehicle_10;events_8636366;15;0;14
Vehicle_10;events_8639783;15;30;53
Vehicle_10;events_8640906;15;35;62
Vehicle_10;events_8642584;15;3;11
Vehicle_10;events_8643171;15;16;60
Vehicle_10;events_8644809;15;4;79
Vehicle_10;events_8646264;15;33;46
Vehicle_10;events_8649824;15;39;49
Vehicle_10;events_8653521;15;9;70
Vehicle_10;events_8689353;15;13;66
Vehicle_10;events_8704479;15;12;108
Vehicle_10;events_8723367;15;9;68
Vehicle_10;events_8724254;15;10;107
Vehicle_10;events_8725430;15;1;8
Vehicle_10;events_8726900;15;16;65
Vehicle_10;events_8728179;15;39;38
Vehicle_10;events_8732297;15;6;52
Vehicle_10;events_8733707;15;16;67
Vehicle_10;events_8735292;15;23;57
Vehicle_10;events_8808913;15;13;74
Vehicle_10;events_8812383;15;18;68
Vehicle_10;events_8817397;15;40;91
Vehicle_10;events_8819728;15;21;99
Vehicle_10;events_8821616;15;13;67
Vehicle_10;events_8824371;15;19;65
Vehicle_10;events_8827800;15;11;66
Vehicle_10;events_8832581;15;13;63
Vehicle_10;events_8834178;15;36;40
Vehicle_10;events_8855354;15;62;61
Vehicle_10;events_8864048;15;7;71
Vehicle_10;events_8865338;15;10;61
Vehicle_10;events_8867002;15;10;75
Vehicle_10;events_8869572;15;43;75
Vehicle_10;events_8871498;15;17;64
Vehicle_10;events_8873015;15;4;42
Vehicle_10;events_8900471;15;31;91
Vehicle_10;events_8912219;15;22;56
Vehicle_10;events_8919203;15;6;8
Vehicle_10;events_8919796;15;0;9
Vehicle_10;events_8920338;15;6;11
Vehicle_10;events_8921020;15;1;9
Vehicle_10;events_8921343;15;23;69
Vehicle_10;events_8923271;15;12;77
Vehicle_10;events_8942861;15;28;96
Vehicle_10;events_8949106;15;9;78
Vehicle_10;events_8954411;15;39;42
Vehicle_10;events_8961104;15;30;49
Vehicle_10;events_8965943;15;2;14
Vehicle_10;events_8966337;15;1;20
Vehicle_10;events_8966845;15;15;64
Vehicle_10;events_8969870;15;6;69
Vehicle_10;events_8971982;15;19;100
Vehicle_10;events_8984186;15;37;86
Vehicle_10;events_8994547;15;1;3
Vehicle_10;events_8994677;15;33;87
Vehicle_10;events_9003428;15;12;108
Vehicle_10;events_9005558;15;12;70
Vehicle_10;events_9013120;15;28;46
Vehicle_10;events_9014243;15;22;99
Vehicle_10;events_9030110;15;10;71
Vehicle_10;events_9034984;15;14;101
Vehicle_10;events_9039658;15;33;156
Vehicle_10;events_9042637;15;17;70
Vehicle_10;events_9044177;15;16;72
Vehicle_10;events_9047543;15;33;83
Vehicle_10;events_9049777;15;24;52
Vehicle_10;events_9054579;15;14;116
Vehicle_10;events_9056877;15;16;51
Vehicle_10;events_9058240;15;22;63
Vehicle_10;events_9060267;15;23;57
Vehicle_10;events_9061862;15;58;65
Vehicle_10;events_9084377;15;13;67
Vehicle_10;events_9086330;15;34;43
Vehicle_10;events_9091876;15;26;95
Vehicle_10;events_9094458;15;15;67
Vehicle_10;events_9095953;15;16;98
Vehicle_10;events_9098044;15;3;80
Vehicle_10;events_9125820;15;9;70
Vehicle_10;events_9132011;15;5;66
Vehicle_10;events_9135217;15;24;54
Vehicle_10;events_9139493;15;23;55
Vehicle_10;events_9165893;15;1;78
Vehicle_10;events_9167300;15;28;52
Vehicle_10;events_9178924;15;2;8
Vehicle_10;events_9179286;15;20;58
Vehicle_10;events_9182634;15;8;75
Vehicle_10;events_9183804;15;4;56
Vehicle_10;events_9184932;15;17;59
Vehicle_10;events_9208523;15;14;64
Vehicle_10;events_9212201;15;51;68
Vehicle_10;events_9216592;15;9;66
Vehicle_10;events_9227111;15;25;50
Vehicle_10;events_9228271;15;14;66
Vehicle_10;events_9253272;15;6;86
Vehicle_10;events_9255667;15;16;64
Vehicle_10;events_9256524;15;5;69
Vehicle_10;events_9317001;15;25;56
Vehicle_10;events_9318083;15;6;79
Vehicle_10;events_9319677;15;21;72
Vehicle_10;events_9321554;15;4;73
Vehicle_10;events_9333829;15;12;65
Vehicle_10;events_9358959;15;23;99
Vehicle_10;events_9360865;15;36;39
Vehicle_10;events_9362020;15;22;56
Vehicle_10;events_9364940;15;2;77
Vehicle_10;events_9366654;15;46;32
Vehicle_10;events_9368283;15;40;79
Vehicle_10;events_9370704;15;16;52
Vehicle_10;events_9372881;15;28;63
Vehicle_10;events_9374476;15;15;100
Vehicle_10;events_9376330;15;2;71
Vehicle_10;events_9377531;15;4;83
Vehicle_10;events_9379050;15;1;40
Vehicle_10;events_9402038;15;32;47
Vehicle_10;events_9403316;15;16;98
Vehicle_10;events_9405592;15;19;105
Vehicle_10;events_9408500;15;8;74
Vehicle_10;events_9428784;15;28;56
Vehicle_10;events_9430569;15;28;89
Vehicle_10;events_9455078;15;8;76
Vehicle_10;events_9456137;15;9;39
Vehicle_10;events_9457289;15;5;82
Vehicle_10;events_9462670;15;25;94
Vehicle_10;events_9465381;15;27;55
Vehicle_10;events_9467102;15;19;60
Vehicle_10;events_9469514;15;45;70
Vehicle_10;events_9471693;15;8;73
Vehicle_10;events_9474779;15;14;66
Vehicle_10;events_9498204;15;10;64
Vehicle_10;events_9501807;15;45;73
Vehicle_10;events_9506264;15;3;30
Vehicle_10;events_9541182;15;2;9
Vehicle_10;events_9545611;15;20;63
Vehicle_10;events_9550340;15;45;66
Vehicle_10;events_9552129;15;27;57
Vehicle_10;events_9553711;15;1;87
Vehicle_10;events_9555383;15;16;64
Vehicle_10;events_9558229;15;28;49
Vehicle_10;events_9561106;15;8;34
Vehicle_10;events_9563878;15;24;54
Vehicle_10;events_9565029;15;19;63
Vehicle_11;events_8345299;15;7;104
Vehicle_11;events_8346262;15;6;12
Vehicle_11;events_8347110;15;26;93
Vehicle_11;events_8349867;15;36;60
Vehicle_11;events_8351810;15;6;83
Vehicle_11;events_8354640;15;2;11
Vehicle_11;events_8354807;15;0;9
Vehicle_11;events_8354936;15;3;11
Vehicle_11;events_8355363;15;7;34
Vehicle_11;events_8355809;15;5;35
Vehicle_11;events_8356233;15;5;17
Vehicle_11;events_8357885;15;25;60
Vehicle_11;events_8360516;15;10;59
Vehicle_11;events_8361906;15;26;70
Vehicle_11;events_8363089;15;4;35
Vehicle_11;events_8363277;15;2;8
Vehicle_11;events_8363344;15;3;10
Vehicle_11;events_8363415;15;2;10
Vehicle_11;events_8363468;15;7;14
Vehicle_11;events_8364192;15;18;69
Vehicle_11;events_8373641;15;22;125
Vehicle_11;events_8376515;15;10;75
Vehicle_11;events_8378833;15;8;80
Vehicle_11;events_8382086;15;20;62
Vehicle_11;events_8386116;15;5;60
Vehicle_11;events_8388534;15;10;99
Vehicle_11;events_8390688;15;18;99
Vehicle_11;events_8393479;15;24;111
Vehicle_11;events_8395613;15;25;58
Vehicle_11;events_8396877;15;7;37
Vehicle_11;events_8397046;15;1;23
Vehicle_11;events_8397158;15;0;21
Vehicle_11;events_8397701;15;8;45
Vehicle_11;events_8413480;15;18;101
Vehicle_11;events_8417012;15;13;94
Vehicle_11;events_8419520;15;29;82
Vehicle_11;events_8422298;15;5;75
Vehicle_11;events_8424442;15;7;108
Vehicle_11;events_8425365;15;5;27
Vehicle_11;events_8426126;15;17;111
Vehicle_11;events_8427407;15;15;65
Vehicle_11;events_8427653;15;0;20
Vehicle_11;events_8436188;15;7;53
Vehicle_11;events_8437255;15;7;114
Vehicle_11;events_8439453;15;7;46
Vehicle_11;events_8439921;15;2;22
Vehicle_11;events_8441613;15;10;108
Vehicle_11;events_8444407;15;9;87
Vehicle_11;events_8447199;15;21;86
Vehicle_11;events_8449819;15;35;78
Vehicle_11;events_8468474;15;4;15
Vehicle_11;events_8469935;15;5;28
Vehicle_11;events_8476547;15;17;109
Vehicle_11;events_8479935;15;22;120
Vehicle_11;events_8482796;15;24;39
Vehicle_11;events_8485977;15;30;97
Vehicle_11;events_8488385;15;4;94
Vehicle_11;events_8488890;15;3;9
Vehicle_11;events_8488952;15;1;14
Vehicle_11;events_8489456;15;16;70
Vehicle_11;events_8489956;15;3;14
Vehicle_11;events_8501922;15;3;42
Vehicle_11;events_8503055;15;13;135
Vehicle_11;events_8506189;15;20;141
Vehicle_11;events_8510805;15;10;152
Vehicle_11;events_8513687;15;11;88
Vehicle_11;events_8516992;15;5;83
Vehicle_11;events_8519700;15;3;75
Vehicle_11;events_8521848;15;9;96
Vehicle_11;events_8523525;15;27;90
Vehicle_11;events_8524467;15;1;40
Vehicle_11;events_8529300;15;4;10
Vehicle_11;events_8530044;15;1;10
Vehicle_11;events_8565218;15;5;12
Vehicle_11;events_8565470;15;15;89
Vehicle_11;events_8568201;15;28;62
Vehicle_11;events_8570877;15;10;102
Vehicle_11;events_8576100;15;6;97
Vehicle_11;events_8577646;15;4;37
Vehicle_11;events_8579221;15;10;87
Vehicle_11;events_8582114;15;13;104
Vehicle_11;events_8586236;15;20;153
Vehicle_11;events_8589360;15;2;19
Vehicle_11;events_8600899;15;1;12
Vehicle_11;events_8602619;15;9;82
Vehicle_11;events_8604891;15;30;112
Vehicle_11;events_8607840;15;19;120
Vehicle_11;events_8610430;15;17;100
Vehicle_11;events_8616623;15;8;22
Vehicle_11;events_8617098;15;12;37
Vehicle_11;events_8619636;15;6;66
Vehicle_11;events_8621090;15;5;14
Vehicle_11;events_8623873;15;8;110
Vehicle_11;events_8626288;15;46;121
Vehicle_11;events_8638108;15;24;105
Vehicle_11;events_8642054;15;8;55
Vehicle_11;events_8643056;15;6;29
Vehicle_11;events_8643592;15;0;16
Vehicle_11;events_8645077;15;27;93
Vehicle_11;events_8649136;15;16;96
Vehicle_11;events_8655235;15;32;73
Vehicle_11;events_8659455;15;8;45
Vehicle_11;events_8660671;15;3;35
Vehicle_11;events_8666266;15;1;54
Vehicle_11;events_8666996;15;1;64
Vehicle_11;events_8668994;15;1;21
Vehicle_11;events_8680168;15;7;27
Vehicle_11;events_8681697;15;29;90
Vehicle_11;events_8685010;15;21;54
Vehicle_11;events_8686342;15;2;4
Vehicle_11;events_8686476;15;2;5
Vehicle_11;events_8686658;15;0;21
Vehicle_11;events_8687897;15;28;108
Vehicle_11;events_8698464;15;12;61
Vehicle_11;events_8699779;15;15;41
Vehicle_11;events_8702074;15;24;128
Vehicle_11;events_8705255;15;1;8
Vehicle_11;events_8710033;15;12;128
Vehicle_11;events_8712452;15;2;20
Vehicle_11;events_8724117;15;12;21
Vehicle_11;events_8725707;15;8;93
Vehicle_11;events_8728530;15;11;90
Vehicle_11;events_8730044;15;1;17
Vehicle_11;events_8731239;15;7;139
Vehicle_11;events_8738805;15;27;136
Vehicle_11;events_8746092;15;2;12
Vehicle_11;events_8746368;15;5;89
Vehicle_11;events_8750503;15;6;9
Vehicle_11;events_8750879;15;15;57
Vehicle_11;events_8753227;15;16;137
Vehicle_11;events_8756104;15;15;124
Vehicle_11;events_8758381;15;3;14
Vehicle_11;events_8758740;15;17;38
Vehicle_11;events_8760689;15;1;19
Vehicle_11;events_8773745;15;8;113
Vehicle_11;events_8776751;15;20;83
Vehicle_11;events_8778953;15;8;95
Vehicle_11;events_8781501;15;14;98
Vehicle_11;events_8787382;15;6;59
Vehicle_11;events_8789912;15;6;158
Vehicle_11;events_8793862;15;26;91
Vehicle_11;events_8797440;15;10;78
Vehicle_11;events_8799139;15;1;21
Vehicle_11;events_8810080;15;20;94
Vehicle_11;events_8813055;15;13;107
Vehicle_11;events_8815343;15;26;97
Vehicle_11;events_8819522;15;15;60
Vehicle_11;events_8820957;15;1;20
Vehicle_11;events_8825432;15;18;120
Vehicle_11;events_8828407;15;2;8
Vehicle_11;events_8829235;15;24;85
Vehicle_11;events_8834483;15;17;63
Vehicle_11;events_8835934;15;2;18
Vehicle_11;events_8837283;15;11;96
Vehicle_11;events_8840160;15;2;17
Vehicle_11;events_8858856;15;22;110
Vehicle_11;events_8863307;15;2;20
Vehicle_11;events_8863659;15;9;46
Vehicle_11;events_8864701;15;6;35
Vehicle_11;events_8865260;15;0;22
Vehicle_11;events_8867179;15;17;119
Vehicle_11;events_8874498;15;15;114
Vehicle_11;events_8879639;15;9;97
Vehicle_11;events_8881703;15;4;23
Vehicle_11;events_8883229;15;13;88
Vehicle_11;events_8885597;15;14;126
Vehicle_11;events_8902075;15;14;143
Vehicle_11;events_8905549;15;22;110
Vehicle_11;events_8909060;15;8;118
Vehicle_11;events_8912197;15;8;95
Vehicle_11;events_8919498;15;7;115
Vehicle_11;events_8923848;15;11;72
Vehicle_11;events_8925348;15;3;24
Vehicle_11;events_8926350;15;17;89
Vehicle_11;events_8930311;15;33;86
Vehicle_11;events_8933205;15;1;28
Vehicle_11;events_8945395;15;4;140
Vehicle_11;events_8950294;15;4;90
Vehicle_11;events_8954075;15;33;64
Vehicle_11;events_8958474;15;11;105
Vehicle_11;events_8960206;15;2;18
Vehicle_11;events_8963493;15;14;190
Vehicle_11;events_8967000;15;28;98
Vehicle_11;events_8972029;15;4;91
Vehicle_11;events_8974712;15;5;25
Vehicle_11;events_8974978;15;4;12
Vehicle_11;events_8975097;15;8;18
Vehicle_11;events_8975338;15;7;10
Vehicle_11;events_8976546;15;26;50
Vehicle_11;events_8986762;15;3;7
Vehicle_11;events_8988073;15;19;136
Vehicle_11;events_8991928;15;16;105
Vehicle_11;events_8995237;15;35;96
Vehicle_11;events_8997796;15;15;73
Vehicle_11;events_8998885;15;1;20
Vehicle_11;events_9003337;15;19;116
Vehicle_11;events_9008000;15;32;69
Vehicle_11;events_9009754;15;2;25
Vehicle_11;events_9011781;15;19;103
Vehicle_11;events_9014667;15;29;124
Vehicle_11;events_9034095;15;3;15
Vehicle_11;events_9035949;15;18;130
Vehicle_11;events_9038806;15;6;123
Vehicle_11;events_9042287;15;7;56
Vehicle_11;events_9043530;15;7;22
Vehicle_11;events_9045914;15;4;89
Vehicle_11;events_9047376;15;1;19
Vehicle_11;events_9048470;15;27;93
Vehicle_11;events_9052952;15;7;100
Vehicle_11;events_9054890;15;4;21
Vehicle_11;events_9056419;15;24;144
Vehicle_11;events_9060939;15;19;91
Vehicle_11;events_9064997;15;28;99
Vehicle_11;events_9066398;15;0;22
Vehicle_11;events_9079601;15;4;25
Vehicle_11;events_9082347;15;15;45
Vehicle_11;events_9083332;15;3;23
Vehicle_11;events_9085731;15;2;23
Vehicle_11;events_9086108;15;17;48
Vehicle_11;events_9087135;15;1;19
Vehicle_11;events_9088812;15;22;131
Vehicle_11;events_9093119;15;59;97
Vehicle_11;events_9099241;15;14;128
Vehicle_11;events_9102701;15;2;39
Vehicle_11;events_9103314;15;6;55
Vehicle_11;events_9104167;15;1;20
Vehicle_11;events_9105349;15;4;134
Vehicle_11;events_9109352;15;6;19
Vehicle_11;events_9109727;15;2;23
Vehicle_11;events_9110035;15;8;33
Vehicle_11;events_9110477;15;4;22
Vehicle_11;events_9123587;15;1;24
Vehicle_11;events_9125706;15;5;76
Vehicle_11;events_9126915;15;3;23
Vehicle_11;events_9128619;15;9;101
Vehicle_11;events_9131934;15;7;72
Vehicle_11;events_9134327;15;6;100
Vehicle_11;events_9135885;15;2;20
Vehicle_11;events_9139567;15;6;68
Vehicle_11;events_9142347;15;4;96
Vehicle_11;events_9143342;15;2;25
Vehicle_11;events_9144255;15;17;134
Vehicle_11;events_9147378;15;3;9
Vehicle_11;events_9159670;15;5;14
Vehicle_11;events_9163112;15;21;119
Vehicle_11;events_9166954;15;29;98
Vehicle_11;events_9170948;15;29;95
Vehicle_11;events_9174513;15;18;91
Vehicle_11;events_9175896;15;0;20
Vehicle_11;events_9181575;15;20;131
Vehicle_11;events_9185220;15;22;111
Vehicle_11;events_9189307;15;1;33
Vehicle_11;events_9189714;15;4;60
Vehicle_11;events_9192025;15;2;17
Vehicle_11;events_9192255;15;7;41
Vehicle_11;events_9192672;15;2;17
Vehicle_11;events_9192824;15;4;10
Vehicle_11;events_9193435;15;6;42
Vehicle_11;events_9206924;15;40;117
Vehicle_11;events_9209713;15;18;116
Vehicle_11;events_9213904;15;17;63
Vehicle_11;events_9216641;15;14;110
Vehicle_11;events_9224711;15;12;79
Vehicle_11;events_9226469;15;1;18
Vehicle_11;events_9227809;15;9;90
Vehicle_11;events_9231290;15;6;75
Vehicle_11;events_9232886;15;3;18
Vehicle_11;events_9235121;15;42;88
Vehicle_11;events_9251878;15;10;106
Vehicle_11;events_9255157;15;9;74
Vehicle_11;events_9256009;15;3;17
Vehicle_11;events_9256684;15;42;79
Vehicle_11;events_9259534;15;18;88
Vehicle_11;events_9260767;15;2;18
Vehicle_11;events_9265145;15;26;115
Vehicle_11;events_9269396;15;21;76
Vehicle_11;events_9272139;15;12;87
Vehicle_11;events_9274134;15;10;16
Vehicle_11;events_9274409;15;21;37
Vehicle_11;events_9274894;15;1;37
Vehicle_11;events_9287256;15;3;21
Vehicle_11;events_9289134;15;10;47
Vehicle_11;events_9289849;15;2;11
Vehicle_11;events_9290739;15;13;42
Vehicle_11;events_9291130;15;6;16
Vehicle_11;events_9291283;15;3;21
Vehicle_11;events_9292009;15;14;83
Vehicle_11;events_9294393;15;8;103
Vehicle_11;events_9300352;15;19;117
Vehicle_11;events_9302389;15;18;135
Vehicle_11;events_9304776;15;41;94
Vehicle_11;events_9306984;15;13;174
Vehicle_11;events_9307845;15;27;59
Vehicle_11;events_9316524;15;11;16
Vehicle_11;events_9318267;15;4;92
Vehicle_11;events_9319845;15;4;23
Vehicle_11;events_9342497;15;34;188
Vehicle_11;events_9355596;15;4;27
Vehicle_11;events_9357193;15;1;16
Vehicle_11;events_9357385;15;3;35
Vehicle_11;events_9357784;15;2;18
Vehicle_11;events_9358064;15;2;39
Vehicle_11;events_9358572;15;16;33
Vehicle_11;events_9360446;15;10;120
Vehicle_11;events_9363487;15;19;100
Vehicle_11;events_9367357;15;4;109
Vehicle_11;events_9369069;15;1;18
Vehicle_11;events_9382039;15;14;132
Vehicle_11;events_9384794;15;24;172
Vehicle_11;events_9399899;15;11;55
Vehicle_11;events_9401727;15;36;76
Vehicle_11;events_9404752;15;26;98
Vehicle_11;events_9408601;15;14;53
Vehicle_11;events_9411436;15;8;78
Vehicle_11;events_9412896;15;0;24
Vehicle_11;events_9418086;15;20;152
Vehicle_11;events_9424309;15;9;80
Vehicle_11;events_9428272;15;14;82
Vehicle_11;events_9431323;15;1;23
Vehicle_11;events_9431656;15;6;68
Vehicle_11;events_9433318;15;2;17
Vehicle_11;events_9448748;15;1;29
Vehicle_11;events_9451689;15;1;40
Vehicle_11;events_9452538;15;4;28
Vehicle_11;events_9454650;15;30;97
Vehicle_11;events_9457869;15;8;83
Vehicle_11;events_9459320;15;3;24
Vehicle_11;events_9460970;15;15;129
Vehicle_11;events_9464219;15;4;7
Vehicle_11;events_9469328;15;17;122
Vehicle_11;events_9474685;15;1;86
Vehicle_11;events_9478552;15;2;27
Vehicle_11;events_9478932;15;8;66
Vehicle_11;events_9481425;15;8;68
Vehicle_11;events_9482332;15;2;84
Vehicle_11;events_9497050;15;8;31
Vehicle_11;events_9500160;15;24;67
Vehicle_11;events_9501839;15;2;17
Vehicle_11;events_9503066;15;8;117
Vehicle_11;events_9506636;15;2;122
Vehicle_11;events_9509256;15;28;93
Vehicle_11;events_9516767;15;3;86
Vehicle_11;events_9519922;15;9;86
Vehicle_11;events_9521365;15;1;18
Vehicle_11;events_9522898;15;13;135
Vehicle_11;events_9525968;15;5;160
Vehicle_11;events_9542155;15;8;47
Vehicle_11;events_9544217;15;9;115
Vehicle_11;events_9548297;15;28;121
Vehicle_11;events_9550242;15;8;11
Vehicle_11;events_9551698;15;19;131
Vehicle_11;events_9557855;15;13;147
Vehicle_11;events_9562192;15;35;97
Vehicle_11;events_9566361;15;5;33
Vehicle_11;events_9566844;15;2;49
Vehicle_11;events_9567489;15;2;24
Vehicle_11;events_9568529;15;21;146
Vehicle_12;events_8342202;15;1;22
Vehicle_12;events_8342975;15;2;99
Vehicle_12;events_8343549;15;6;32
Vehicle_12;events_8344344;15;2;9
Vehicle_12;events_8344706;15;2;78
Vehicle_12;events_8346490;15;3;56
Vehicle_12;events_8352801;15;12;49
Vehicle_12;events_8356860;15;1;27
Vehicle_12;events_8372567;15;10;37
Vehicle_12;events_8375699;15;2;21
Vehicle_12;events_8382694;15;34;40
Vehicle_12;events_8384107;15;11;45
Vehicle_12;events_8387148;15;42;59
Vehicle_12;events_8388450;15;1;6
Vehicle_12;events_8388620;15;2;12
Vehicle_12;events_8389963;15;1;23
Vehicle_12;events_8403524;15;1;25
Vehicle_12;events_8404546;15;7;127
Vehicle_12;events_8406621;15;8;38
Vehicle_12;events_8407385;15;2;57
Vehicle_12;events_8411329;15;6;11
Vehicle_12;events_8413550;15;28;30
Vehicle_12;events_8420654;15;3;23
Vehicle_12;events_8432921;15;6;116
Vehicle_12;events_8434270;15;18;52
Vehicle_12;events_8435577;15;1;78
Vehicle_12;events_8437159;15;15;37
Vehicle_12;events_8437747;15;7;37
Vehicle_12;events_8441544;15;10;57
Vehicle_12;events_8442952;15;9;48
Vehicle_12;events_8443557;15;2;20
Vehicle_12;events_8445027;15;11;65
Vehicle_12;events_8449741;15;18;36
Vehicle_12;events_8450898;15;1;28
Vehicle_12;events_8464289;15;3;21
Vehicle_12;events_8473082;15;13;65
Vehicle_12;events_8473925;15;22;40
Vehicle_12;events_8477235;15;1;18
Vehicle_12;events_8478762;15;0;5
Vehicle_12;events_8480408;15;7;49
Vehicle_12;events_8482587;15;0;17
Vehicle_12;events_8495422;15;4;29
Vehicle_12;events_8496489;15;2;114
Vehicle_12;events_8498250;15;6;45
Vehicle_12;events_8499479;15;4;92
Vehicle_12;events_8505196;15;31;89
Vehicle_12;events_8531916;15;14;68
Vehicle_12;events_8534577;15;7;67
Vehicle_12;events_8536088;15;26;28
Vehicle_12;events_8537192;15;35;42
Vehicle_12;events_8545069;15;9;46
Vehicle_12;events_8547907;15;2;33
Vehicle_12;events_8561160;15;4;26
Vehicle_12;events_8564381;15;8;70
Vehicle_12;events_8567816;15;2;31
Vehicle_12;events_8572742;15;3;52
Vehicle_12;events_8574075;15;6;45
Vehicle_12;events_8575983;15;5;6
Vehicle_12;events_8581159;15;3;11
Vehicle_12;events_8596650;15;8;165
Vehicle_12;events_8599783;15;6;47
Vehicle_12;events_8602377;15;7;106
Vehicle_12;events_8721875;15;1;29
Vehicle_12;events_8722323;15;19;36
Vehicle_12;events_8722572;15;16;55
Vehicle_12;events_8737181;15;2;24
Vehicle_12;events_8738092;15;17;75
Vehicle_12;events_8740888;15;18;56
Vehicle_12;events_8747221;15;8;37
Vehicle_12;events_8768010;15;0;29
Vehicle_12;events_8769872;15;20;38
Vehicle_12;events_8770365;15;8;119
Vehicle_12;events_8773690;15;28;87
Vehicle_12;events_8778183;15;4;39
Vehicle_12;events_8784006;15;19;53
Vehicle_12;events_8785501;15;28;28
Vehicle_12;events_8786173;15;24;34
Vehicle_12;events_8787777;15;21;32
Vehicle_12;events_8804925;15;2;23
Vehicle_12;events_8805839;15;2;87
Vehicle_12;events_8807416;15;7;44
Vehicle_12;events_8809019;15;1;61
Vehicle_12;events_8811269;15;21;53
Vehicle_12;events_8813396;15;1;28
Vehicle_12;events_8826683;15;14;39
Vehicle_12;events_8828583;15;2;25
Vehicle_12;events_8849418;15;2;29
Vehicle_12;events_8859404;15;2;17
Vehicle_12;events_8860149;15;6;52
Vehicle_12;events_8863224;15;12;69
Vehicle_12;events_8870707;15;39;70
Vehicle_12;events_8876892;15;0;26
Vehicle_12;events_8897394;15;11;28
Vehicle_12;events_8899376;15;33;73
Vehicle_12;events_8900881;15;24;51
Vehicle_12;events_8902659;15;57;56
Vehicle_12;events_8914695;15;19;56
Vehicle_12;events_8918380;15;8;6
Vehicle_12;events_9119016;15;7;21
Vehicle_12;events_9123860;15;3;29
Vehicle_12;events_9124554;15;7;48
Vehicle_12;events_9131336;15;12;66
Vehicle_12;events_9135436;15;13;106
Vehicle_12;events_9138102;15;2;6
Vehicle_12;events_9139263;15;9;66
Vehicle_12;events_9140204;15;11;46
Vehicle_12;events_9156824;15;1;22
Vehicle_12;events_9158671;15;31;87
Vehicle_12;events_9173913;15;9;37
Vehicle_12;events_9202712;15;3;23
Vehicle_12;events_9211870;15;12;53
Vehicle_12;events_9212803;15;1;16
Vehicle_12;events_9220408;15;15;41
Vehicle_12;events_9221265;15;18;41
Vehicle_12;events_9223020;15;29;23
Vehicle_12;events_9255711;15;2;11
Vehicle_12;events_9260323;15;3;24
Vehicle_12;events_9269802;15;1;25
Vehicle_12;events_9282655;15;1;22
Vehicle_12;events_9286835;15;5;51
Vehicle_12;events_9297666;15;26;27
Vehicle_12;events_9298283;15;11;26
Vehicle_12;events_9300200;15;18;54
Vehicle_12;events_9312707;15;1;23
Vehicle_12;events_9315040;15;9;47
Vehicle_12;events_9325692;15;30;53
Vehicle_12;events_9327782;15;5;54
Vehicle_12;events_9330826;15;3;45
Vehicle_12;events_9332280;15;50;63
Vehicle_12;events_9337368;15;23;56
Vehicle_12;events_9338781;15;2;15
Vehicle_12;events_9351796;15;3;26
Vehicle_12;events_9352367;15;7;93
Vehicle_12;events_9354286;15;1;50
Vehicle_12;events_9355812;15;5;77
Vehicle_12;events_9362461;15;6;114
Vehicle_12;events_9363975;15;26;86
Vehicle_12;events_9370738;15;14;42
Vehicle_12;events_9373473;15;13;41
Vehicle_12;events_9444269;15;1;23
Vehicle_12;events_9448581;15;26;50
Vehicle_12;events_9450019;15;4;49
Vehicle_12;events_9456524;15;22;30
Vehicle_12;events_9502393;15;2;22
Vehicle_12;events_9519205;15;1;38
Vehicle_12;events_9535397;15;2;19
Vehicle_12;events_9538512;15;26;88
Vehicle_12;events_9539995;15;16;39
Vehicle_12;events_9542331;15;7;62
Vehicle_12;events_9549841;15;24;51
Vehicle_12;events_9557833;15;40;54
Vehicle_12;events_9559781;15;26;39
Vehicle_13;events_8343720;15;3;27
Vehicle_13;events_8370651;15;4;61
Vehicle_13;events_8371949;15;5;63
Vehicle_13;events_8427059;15;25;45
Vehicle_13;events_8468422;15;1;11
Vehicle_13;events_8469005;15;12;157
Vehicle_13;events_8483113;15;42;182
Vehicle_13;events_8485949;15;8;130
Vehicle_13;events_8488338;15;15;124
Vehicle_13;events_8498276;15;30;152
Vehicle_13;events_8501421;15;3;31
Vehicle_13;events_8502552;15;27;178
Vehicle_13;events_8505945;15;1;20
Vehicle_13;events_8506864;15;7;19
Vehicle_13;events_8513453;15;20;150
Vehicle_13;events_8515857;15;40;234
Vehicle_13;events_8520202;15;3;27
Vehicle_13;events_8521037;15;22;116
Vehicle_13;events_8530029;15;2;39
Vehicle_13;events_8543331;15;60;224
Vehicle_13;events_8549847;15;3;34
Vehicle_13;events_8564752;15;16;214
Vehicle_13;events_8567482;15;8;151
Vehicle_13;events_8569512;15;15;201
Vehicle_13;events_8576480;15;18;121
Vehicle_13;events_8578566;15;48;128
Vehicle_13;events_8581603;15;14;45
Vehicle_13;events_8584348;15;9;36
Vehicle_13;events_8586807;15;8;124
Vehicle_15;events_8340878;15;21;198
Vehicle_15;events_8365261;15;44;181
Vehicle_15;events_8366141;15;24;185
Vehicle_15;events_8366715;15;33;181
Vehicle_15;events_8394963;15;87;293
Vehicle_15;events_8397842;15;14;159
Vehicle_15;events_8399324;15;50;343
Vehicle_15;events_8400909;15;25;167
Vehicle_15;events_8401463;15;9;89
Vehicle_15;events_8426728;15;15;165
Vehicle_15;events_8429178;15;22;213
Vehicle_15;events_8430326;15;16;177
Vehicle_15;events_8457731;15;41;193
Vehicle_15;events_8459371;15;15;206
Vehicle_15;events_8460168;15;23;215
Vehicle_15;events_8460818;15;6;115
Vehicle_15;events_8489915;15;9;105
Vehicle_15;events_8491502;15;14;283
Vehicle_15;events_8492202;15;7;124
Vehicle_15;events_8492421;15;6;20
Vehicle_15;events_8492476;15;89;113
Vehicle_15;events_8492971;15;66;178
Vehicle_15;events_8523540;15;17;201
Vehicle_15;events_8525218;15;15;261
Vehicle_15;events_8526044;15;83;87
Vehicle_15;events_8526509;15;20;147
Vehicle_15;events_8556561;15;17;216
Vehicle_15;events_8558419;15;6;243
Vehicle_15;events_8558893;15;45;180
Vehicle_15;events_8559212;15;32;131
Vehicle_15;events_8590992;15;35;244
Vehicle_15;events_8593247;15;30;208
Vehicle_15;events_8593973;15;222;151
Vehicle_15;events_8629307;15;17;218
Vehicle_15;events_8630245;15;14;150
Vehicle_15;events_8630946;15;168;146
Vehicle_15;events_8667945;15;5;154
Vehicle_15;events_8669478;15;48;341
Vehicle_15;events_8670556;15;24;225
Vehicle_15;events_8671465;15;10;236
Vehicle_15;events_8708558;15;28;145
Vehicle_15;events_8712390;15;17;155
Vehicle_15;events_8714863;15;60;269
Vehicle_15;events_8757953;15;48;239
Vehicle_15;events_8761097;15;45;193
Vehicle_15;events_8762673;15;5;162
Vehicle_15;events_8763392;15;2;141
Vehicle_15;events_8764269;15;20;151
Vehicle_15;events_8797088;15;20;353
Vehicle_15;events_8801123;15;2;7
Vehicle_15;events_8801301;15;9;175
Vehicle_15;events_8801820;15;121;138
Vehicle_15;events_8802357;15;17;218
Vehicle_15;events_8837681;15;9;190
Vehicle_15;events_8841626;15;18;151
Vehicle_15;events_8842837;15;18;64
Vehicle_15;events_8842990;15;4;20
Vehicle_15;events_8844416;15;47;208
Vehicle_15;events_8845106;15;9;235
Vehicle_15;events_8890791;15;17;221
Vehicle_15;events_8892666;15;82;369
Vehicle_15;events_8894456;15;25;239
Vehicle_15;events_8931312;15;42;179
Vehicle_15;events_8935159;15;44;224
Vehicle_15;events_8936329;15;60;221
Vehicle_15;events_8937755;15;29;194
Vehicle_15;events_8973003;15;87;226
Vehicle_15;events_8977544;15;35;127
Vehicle_15;events_8978907;15;279;213
Vehicle_15;events_8979952;15;38;151
Vehicle_15;events_8980366;15;17;210
Vehicle_15;events_9018953;15;81;203
Vehicle_15;events_9021478;15;45;222
Vehicle_15;events_9023647;15;51;242
Vehicle_15;events_9065967;15;24;260
Vehicle_15;events_9068852;15;12;287
Vehicle_15;events_9070508;15;100;95
Vehicle_15;events_9112829;15;18;188
Vehicle_15;events_9114108;15;2;101
Vehicle_15;events_9114316;15;4;132
Vehicle_15;events_9114544;15;38;66
Vehicle_15;events_9114676;15;7;43
Vehicle_15;events_9149723;15;73;423
Vehicle_15;events_9151549;15;24;187
Vehicle_15;events_9152860;15;41;191
Vehicle_15;events_9193595;15;49;161
Vehicle_15;events_9196132;15;24;229
Vehicle_15;events_9197739;15;152;87
Vehicle_15;events_9198581;15;21;236
Vehicle_15;events_9233890;15;12;202
Vehicle_15;events_9237893;15;4;117
Vehicle_15;events_9280397;15;28;18
Vehicle_15;events_9310047;15;114;116
Vehicle_15;events_9310538;15;24;186
Vehicle_15;events_9343324;15;17;135
Vehicle_15;events_9345071;15;33;283
Vehicle_15;events_9346313;15;132;480
Vehicle_15;events_9348393;15;5;143
Vehicle_15;events_9387806;15;127;347
Vehicle_15;events_9389638;15;201;165
Vehicle_15;events_9390792;15;19;249
Vehicle_15;events_9435870;15;32;240
Vehicle_15;events_9437865;15;16;215
Vehicle_15;events_9439374;15;48;233
Vehicle_15;events_9483305;15;50;296
Vehicle_15;events_9487315;15;18;189
Vehicle_15;events_9488847;15;75;243
Vehicle_15;events_9530079;15;15;270
Vehicle_15;events_9531236;15;12;232
Vehicle_15;events_9532751;15;45;159
Vehicle_15;events_9571289;15;33;294
Vehicle_15;events_9573256;15;27;128
Vehicle_16;events_8370774;15;1;108
Vehicle_16;events_8372317;15;1;28
Vehicle_16;events_8373232;15;7;213
Vehicle_16;events_8375671;15;0;28
Vehicle_16;events_8376172;15;2;123
Vehicle_16;events_8379082;15;0;18
Vehicle_16;events_8380084;15;8;106
Vehicle_16;events_8389908;15;0;19
Vehicle_16;events_8390839;15;69;173
Vehicle_16;events_8393562;15;19;86
Vehicle_16;events_8404966;15;0;79
Vehicle_16;events_8406800;15;22;169
Vehicle_16;events_8409310;15;70;311
Vehicle_16;events_8414101;15;68;158
Vehicle_16;events_8418096;15;14;199
Vehicle_16;events_8424191;15;3;81
Vehicle_16;events_8433537;15;0;121
Vehicle_16;events_8435771;15;26;101
Vehicle_16;events_8437128;15;28;123
Vehicle_16;events_8438642;15;18;232
Vehicle_16;events_8442479;15;0;15
Vehicle_16;events_8443609;15;2;32
Vehicle_16;events_8444743;15;16;54
Vehicle_16;events_8446872;15;1;10
Vehicle_16;events_8448451;15;1;15
Vehicle_16;events_8451713;15;6;229
Vehicle_16;events_8453989;15;31;104
Vehicle_16;events_8470366;15;13;115
Vehicle_16;events_8473886;15;33;240
Vehicle_16;events_8477487;15;10;105
Vehicle_16;events_8480395;15;15;232
Vehicle_16;events_8483391;15;17;112
Vehicle_16;events_8486880;15;6;43
Vehicle_16;events_8497646;15;0;97
Vehicle_16;events_8502241;15;11;206
Vehicle_16;events_8504724;15;9;248
Vehicle_16;events_8509372;15;26;384
Vehicle_16;events_8516741;15;15;223
Vehicle_16;events_8519660;15;23;136
Vehicle_16;events_8521619;15;3;52
Vehicle_16;events_8522132;15;9;82
Vehicle_16;events_8529746;15;0;100
Vehicle_16;events_8532873;15;45;115
Vehicle_16;events_8534799;15;33;238
Vehicle_16;events_8542990;15;30;195
Vehicle_16;events_8548795;15;60;133
Vehicle_16;events_8551846;15;73;117
Vehicle_16;events_8562947;15;1;90
Vehicle_16;events_8565150;15;4;115
Vehicle_16;events_8568353;15;50;233
Vehicle_16;events_8572431;15;30;252
Vehicle_16;events_8576002;15;2;27
Vehicle_16;events_8577330;15;18;125
Vehicle_16;events_8579964;15;2;44
Vehicle_16;events_8586415;15;20;100
Vehicle_16;events_8598145;15;4;139
Vehicle_16;events_8605001;15;72;108
Vehicle_16;events_8607780;15;53;335
Vehicle_16;events_8614586;15;2;17
Vehicle_16;events_8615665;15;72;124
Vehicle_16;events_8619892;15;13;218
Vehicle_16;events_8624535;15;9;113
Vehicle_16;events_8635663;15;1;71
Vehicle_16;events_8637771;15;186;606
Vehicle_16;events_8649554;15;20;270
Vehicle_16;events_8654973;15;44;111
Vehicle_16;events_8660195;15;29;103
Vehicle_16;events_8664272;15;12;106
Vehicle_16;events_8675838;15;0;71
Vehicle_16;events_8678292;15;2;28
Vehicle_16;events_8679326;15;19;240
Vehicle_16;events_8682616;15;6;24
Vehicle_16;events_8684546;15;91;153
Vehicle_16;events_8689436;15;27;171
Vehicle_16;events_8693504;15;1;28
Vehicle_16;events_8694590;15;38;236
Vehicle_16;events_8700567;15;7;185
Vehicle_16;events_8707561;15;38;83
Vehicle_16;events_8723221;15;2;100
Vehicle_16;events_8725346;15;13;167
Vehicle_16;events_8728034;15;67;176
Vehicle_16;events_8732682;15;10;121
Vehicle_16;events_8734966;15;79;163
Vehicle_16;events_8740129;15;7;126
Vehicle_16;events_8742874;15;3;28
Vehicle_16;events_8743971;15;10;124
Vehicle_16;events_8752613;15;15;73
Vehicle_16;events_8769927;15;1;73
Vehicle_16;events_8771509;15;9;119
Vehicle_16;events_8773487;15;29;422
Vehicle_16;events_8779508;15;1;58
Vehicle_16;events_8780680;15;6;54
Vehicle_16;events_8781618;15;38;84
Vehicle_16;events_8783024;15;1;16
Vehicle_16;events_8783584;15;29;247
Vehicle_16;events_8787463;15;26;275
Vehicle_16;events_8793604;15;70;122
Vehicle_16;events_8806814;15;1;90
Vehicle_16;events_8808814;15;7;104
Vehicle_16;events_8810002;15;8;220
Vehicle_16;events_8814063;15;71;162
Vehicle_16;events_8821824;15;26;121
Vehicle_16;events_8830020;15;15;205
Vehicle_16;events_8835767;15;45;107
Vehicle_16;events_8850821;15;0;89
Vehicle_16;events_8852617;15;4;223
Vehicle_16;events_8856435;15;8;149
Vehicle_16;events_8858951;15;7;37
Vehicle_16;events_8860160;15;12;264
Vehicle_16;events_8864856;15;6;238
Vehicle_16;events_8869331;15;1;45
Vehicle_16;events_8870791;15;3;52
Vehicle_16;events_8872124;15;24;99
Vehicle_16;events_8874226;15;3;8
Vehicle_16;events_8875843;15;7;222
Vehicle_16;events_8880045;15;6;112
Vehicle_16;events_8883676;15;47;97
Vehicle_16;events_8898904;15;7;67
Vehicle_16;events_8901486;15;0;24
Vehicle_16;events_8902594;15;82;277
Vehicle_16;events_8909744;15;50;182
Vehicle_16;events_8913594;15;32;194
Vehicle_16;events_8917596;15;20;137
Vehicle_16;events_8920860;15;2;43
Vehicle_16;events_8921820;15;20;107
Vehicle_16;events_8923981;15;25;110
Vehicle_16;events_8926167;15;1;62
Vehicle_16;events_8942333;15;5;75
Vehicle_16;events_8945374;15;4;124
Vehicle_16;events_8947633;15;6;107
Vehicle_16;events_8950227;15;41;181
Vehicle_16;events_8954409;15;25;164
Vehicle_16;events_8958244;15;8;83
Vehicle_16;events_8959653;15;25;155
Vehicle_16;events_8962194;15;37;91
Vehicle_16;events_8965175;15;4;116
Vehicle_16;events_8968013;15;80;168
Vehicle_16;events_8972258;15;14;98
Vehicle_16;events_9157970;15;0;122
Vehicle_16;events_9159425;15;21;98
Vehicle_16;events_9161058;15;37;206
Vehicle_16;events_9165188;15;2;50
Vehicle_16;events_9177298;15;1;5
Vehicle_16;events_9186963;15;11;76
Vehicle_16;events_9189488;15;3;44
Vehicle_16;events_9190751;15;23;106
Vehicle_16;events_9203393;15;0;71
Vehicle_16;events_9206091;15;43;194
Vehicle_16;events_9209833;15;3;267
Vehicle_16;events_9214522;15;15;33
Vehicle_16;events_9216223;15;22;156
Vehicle_16;events_9223013;15;67;250
Vehicle_16;events_9231791;15;14;129
Vehicle_16;events_9234232;15;19;77
Vehicle_16;events_9538467;15;0;81
Vehicle_16;events_9539711;15;22;217
Vehicle_16;events_9543143;15;5;34
Vehicle_16;events_9547451;15;7;68
Vehicle_16;events_9553047;15;5;71
Vehicle_16;events_9555340;15;23;62
Vehicle_16;events_9556664;15;3;28
Vehicle_16;events_9557335;15;2;82
Vehicle_16;events_9565472;15;4;33
Vehicle_16;events_9566208;15;13;85
Vehicle_17;events_8345776;15;8;50
Vehicle_17;events_8346625;15;12;61
Vehicle_17;events_8347630;15;5;77
Vehicle_17;events_8354699;15;6;134
Vehicle_17;events_8357104;15;0;35
Vehicle_17;events_8357634;15;3;23
Vehicle_17;events_8358202;15;3;20
Vehicle_17;events_8358593;15;5;28
Vehicle_17;events_8359798;15;8;130
Vehicle_17;events_8376211;15;2;14
Vehicle_17;events_8377059;15;11;59
Vehicle_17;events_8379612;15;23;37
Vehicle_17;events_8380450;15;7;37
Vehicle_17;events_8381369;15;7;47
Vehicle_17;events_8383853;15;13;50
Vehicle_17;events_8391170;15;8;27
Vehicle_17;events_8404573;15;7;114
Vehicle_17;events_8407940;15;13;71
Vehicle_17;events_8418755;15;14;33
Vehicle_17;events_8448067;15;0;16
Vehicle_17;events_8448418;15;3;2
Vehicle_17;events_8448597;15;3;3
Vehicle_17;events_8448721;15;3;8
Vehicle_17;events_8448919;15;17;129
Vehicle_17;events_8452819;15;8;143
Vehicle_17;events_8468054;15;13;60
Vehicle_17;events_8469531;15;13;64
Vehicle_17;events_8472785;15;20;38
Vehicle_17;events_8476245;15;19;97
Vehicle_17;events_8477687;15;5;13
Vehicle_17;events_8478199;15;10;67
Vehicle_17;events_8479185;15;12;61
Vehicle_17;events_8500643;15;2;2
Vehicle_17;events_8500837;15;11;44
Vehicle_17;events_8506503;15;5;49
Vehicle_17;events_8508289;15;31;148
Vehicle_17;events_8513034;15;10;59
Vehicle_17;events_8514298;15;6;51
Vehicle_17;events_8515844;15;13;82
Vehicle_17;events_8530342;15;14;67
Vehicle_17;events_8533659;15;12;103
Vehicle_17;events_8535136;15;9;66
Vehicle_17;events_8543746;15;10;57
Vehicle_17;events_8546111;15;1;115
Vehicle_17;events_8550752;15;5;115
Vehicle_17;events_8563673;15;11;63
Vehicle_17;events_8564921;15;16;62
Vehicle_17;events_8573811;15;3;73
Vehicle_17;events_8574855;15;29;83
Vehicle_17;events_8576577;15;5;5
Vehicle_17;events_8577509;15;3;3
Vehicle_17;events_8578783;15;4;142
Vehicle_17;events_8583621;15;8;11
Vehicle_17;events_8584293;15;15;106
Vehicle_17;events_8586098;15;2;4
Vehicle_17;events_8597316;15;1;148
Vehicle_17;events_8601381;15;1;48
Vehicle_17;events_8603191;15;7;11
Vehicle_17;events_8610963;15;3;20
Vehicle_17;events_8611402;15;7;57
Vehicle_17;events_8612643;15;12;72
Vehicle_17;events_8613920;15;7;70
Vehicle_17;events_8614959;15;2;6
Vehicle_17;events_8615142;15;4;6
Vehicle_17;events_8616140;15;13;137
Vehicle_17;events_8621434;15;10;95
Vehicle_17;events_8623884;15;10;59
Vehicle_17;events_8637064;15;19;123
Vehicle_17;events_8647365;15;9;41
Vehicle_17;events_8662995;15;10;69
Vehicle_17;events_8676881;15;14;141
Vehicle_17;events_8682203;15;7;49
Vehicle_17;events_8683369;15;13;47
Vehicle_17;events_8684570;15;14;45
Vehicle_17;events_8685697;15;11;81
Vehicle_17;events_8688160;15;22;103
Vehicle_17;events_8690369;15;19;66
Vehicle_17;events_8691685;15;30;52
Vehicle_17;events_8694095;15;3;5
Vehicle_17;events_8695245;15;6;74
Vehicle_17;events_8697296;15;2;56
Vehicle_17;events_8699161;15;0;66
Vehicle_17;events_8700334;15;1;4
Vehicle_17;events_8700510;15;10;44
Vehicle_17;events_8701624;15;18;90
Vehicle_17;events_8704262;15;12;62
Vehicle_17;events_8705934;15;13;46
Vehicle_17;events_8722250;15;5;116
Vehicle_17;events_8726780;15;0;53
Vehicle_17;events_8728985;15;19;88
Vehicle_17;events_8731777;15;13;42
Vehicle_17;events_8732647;15;12;63
Vehicle_17;events_8735616;15;11;52
Vehicle_17;events_8737310;15;8;94
Vehicle_17;events_8739640;15;2;43
Vehicle_17;events_8749691;15;13;66
Vehicle_17;events_8753036;15;3;3
Vehicle_17;events_8770754;15;9;51
Vehicle_17;events_8771402;15;4;53
Vehicle_17;events_8774030;15;6;49
Vehicle_17;events_8775330;15;11;108
Vehicle_17;events_8777472;15;10;47
Vehicle_17;events_8778226;15;7;49
Vehicle_17;events_8779005;15;22;96
Vehicle_17;events_8781555;15;3;76
Vehicle_17;events_8782941;15;21;54
Vehicle_17;events_8785027;15;19;97
Vehicle_17;events_8789754;15;13;43
Vehicle_17;events_8806874;15;41;77
Vehicle_17;events_8808542;15;0;20
Vehicle_17;events_8809534;15;22;84
Vehicle_17;events_8810981;15;5;55
Vehicle_17;events_8812371;15;2;52
Vehicle_17;events_8813169;15;6;53
Vehicle_17;events_8814019;15;40;76
Vehicle_17;events_8816955;15;7;52
Vehicle_17;events_8821512;15;5;49
Vehicle_17;events_8822876;15;10;42
Vehicle_17;events_8825957;15;4;50
Vehicle_17;events_8827487;15;2;69
Vehicle_17;events_8829668;15;3;72
Vehicle_17;events_8832025;15;7;45
Vehicle_17;events_8851461;15;30;44
Vehicle_17;events_8855431;15;2;10
Vehicle_17;events_8862426;15;4;51
Vehicle_17;events_8865061;15;4;54
Vehicle_17;events_8868372;15;10;68
Vehicle_17;events_8871790;15;7;54
Vehicle_17;events_8876053;15;42;65
Vehicle_17;events_8878255;15;9;78
Vehicle_17;events_8880751;15;12;70
Vehicle_17;events_8882205;15;22;56
Vehicle_17;events_8885517;15;33;31
Vehicle_17;events_8898652;15;2;63
Vehicle_17;events_8908024;15;21;57
Vehicle_17;events_8911557;15;3;53
Vehicle_17;events_8912441;15;11;65
Vehicle_17;events_8915037;15;1;7
Vehicle_17;events_8915884;15;4;44
Vehicle_17;events_8917006;15;22;39
Vehicle_17;events_8918398;15;10;71
Vehicle_17;events_8919623;15;4;56
Vehicle_17;events_8920530;15;7;49
Vehicle_17;events_8921530;15;5;53
Vehicle_17;events_8924080;15;3;22
Vehicle_17;events_8924460;15;20;60
Vehicle_17;events_8946163;15;13;40
Vehicle_17;events_8951439;15;9;58
Vehicle_17;events_8954769;15;8;74
Vehicle_17;events_8956314;15;32;24
Vehicle_17;events_8961323;15;10;63
Vehicle_17;events_8962410;15;3;51
Vehicle_17;events_8964431;15;21;98
Vehicle_17;events_8969472;15;29;45
Vehicle_17;events_8985501;15;15;42
Vehicle_17;events_8986401;15;18;79
Vehicle_17;events_8994793;15;23;32
Vehicle_17;events_8995464;15;0;22
Vehicle_17;events_8997416;15;8;62
Vehicle_17;events_8998184;15;8;114
Vehicle_17;events_9001679;15;8;66
Vehicle_17;events_9003503;15;6;35
Vehicle_17;events_9039964;15;9;71
Vehicle_17;events_9041216;15;10;53
Vehicle_17;events_9042177;15;8;61
Vehicle_17;events_9043698;15;6;70
Vehicle_17;events_9045285;15;14;50
Vehicle_17;events_9047707;15;16;104
Vehicle_17;events_9050510;15;12;44
Vehicle_17;events_9052162;15;11;110
Vehicle_17;events_9054362;15;1;59
Vehicle_17;events_9055905;15;28;28
Vehicle_17;events_9058581;15;5;68
Vehicle_17;events_9077795;15;7;73
Vehicle_17;events_9079303;15;1;6
Vehicle_17;events_9079482;15;0;15
Vehicle_17;events_9079981;15;5;82
Vehicle_17;events_9081698;15;2;27
Vehicle_17;events_9082260;15;8;50
Vehicle_17;events_9083274;15;14;50
Vehicle_17;events_9084526;15;8;47
Vehicle_17;events_9086782;15;15;52
Vehicle_17;events_9088939;15;6;118
Vehicle_17;events_9091064;15;5;54
Vehicle_17;events_9092113;15;11;59
Vehicle_17;events_9094080;15;12;63
Vehicle_17;events_9095702;15;3;59
Vehicle_17;events_9096694;15;11;88
Vehicle_17;events_9098061;15;42;223
Vehicle_17;events_9104143;15;2;27
Vehicle_17;events_9105249;15;12;119
Vehicle_17;events_9119554;15;11;48
Vehicle_17;events_9121480;15;4;8
Vehicle_17;events_9121863;15;2;14
Vehicle_17;events_9128701;15;10;50
Vehicle_17;events_9132099;15;6;55
Vehicle_17;events_9132790;15;16;41
Vehicle_17;events_9133474;15;5;53
Vehicle_17;events_9134232;15;7;68
Vehicle_17;events_9135383;15;6;81
Vehicle_17;events_9136703;15;12;68
Vehicle_17;events_9138163;15;80;149
Vehicle_17;events_9140712;15;41;75
Vehicle_17;events_9142047;15;23;53
Vehicle_17;events_9142992;15;8;54
Vehicle_17;events_9143629;15;11;43
Vehicle_17;events_9144220;15;4;70
Vehicle_17;events_9157627;15;3;104
Vehicle_17;events_9162198;15;3;58
Vehicle_17;events_9163842;15;5;5
Vehicle_17;events_9164116;15;3;76
Vehicle_17;events_9166661;15;11;26
Vehicle_17;events_9265365;15;5;25
Vehicle_17;events_9266211;15;2;141
Vehicle_17;events_9271568;15;7;138
Vehicle_17;events_9284544;15;11;88
Vehicle_17;events_9289912;15;3;44
Vehicle_17;events_9290351;15;16;48
Vehicle_17;events_9290756;15;9;45
Vehicle_17;events_9292168;15;6;56
Vehicle_17;events_9293123;15;21;57
Vehicle_17;events_9294942;15;31;44
Vehicle_17;events_9298589;15;4;37
Vehicle_17;events_9299128;15;5;53
Vehicle_17;events_9300853;15;25;73
Vehicle_17;events_9302481;15;1;73
Vehicle_17;events_9303538;15;40;77
Vehicle_17;events_9313436;15;10;70
Vehicle_17;events_9314718;15;13;105
Vehicle_17;events_9321654;15;24;55
Vehicle_17;events_9322770;15;3;58
Vehicle_17;events_9323973;15;1;17
Vehicle_17;events_9325095;15;23;58
Vehicle_17;events_9326545;15;8;111
Vehicle_17;events_9329562;15;8;111
Vehicle_17;events_9331819;15;0;59
Vehicle_17;events_9332822;15;4;8
Vehicle_17;events_9333269;15;4;52
Vehicle_17;events_9335706;15;1;7
Vehicle_17;events_9336270;15;2;115
Vehicle_17;events_9340367;15;11;30
Vehicle_17;events_9410816;15;18;63
Vehicle_17;events_9412057;15;15;65
Vehicle_17;events_9413248;15;5;58
Vehicle_17;events_9414909;15;14;63
Vehicle_17;events_9416717;15;14;70
Vehicle_17;events_9418791;15;12;120
Vehicle_17;events_9421727;15;5;56
Vehicle_17;events_9425456;15;9;67
Vehicle_17;events_9427011;15;6;38
Vehicle_17;events_9428543;15;1;25
Vehicle_17;events_9428936;15;2;8
Vehicle_17;events_9429473;15;7;11
Vehicle_17;events_9429782;15;1;56
Vehicle_17;events_9430508;15;1;51
Vehicle_17;events_9444148;15;2;2
Vehicle_17;events_9444930;15;3;2
Vehicle_17;events_9445076;15;0;80
Vehicle_17;events_9452520;15;1;57
Vehicle_17;events_9457932;15;4;47
Vehicle_17;events_9458961;15;7;61
Vehicle_17;events_9460133;15;11;47
Vehicle_17;events_9462382;15;35;82
Vehicle_17;events_9466348;15;16;65
Vehicle_17;events_9467867;15;23;58
Vehicle_17;events_9469743;15;7;147
Vehicle_17;events_9476691;15;4;103
Vehicle_17;events_9479683;15;4;61
Vehicle_17;events_9492910;15;3;1
Vehicle_17;events_9503288;15;4;55
Vehicle_17;events_9505130;15;15;65
Vehicle_17;events_9507123;15;7;13
Vehicle_17;events_9507813;15;26;89
Vehicle_17;events_9510283;15;4;74
Vehicle_17;events_9511688;15;8;61
Vehicle_17;events_9513246;15;2;5
Vehicle_17;events_9516074;15;13;150
Vehicle_17;events_9522321;15;17;143
Vehicle_17;events_9538928;15;3;68
Vehicle_17;events_9548973;15;17;70
Vehicle_17;events_9556097;15;0;49
Vehicle_17;events_9557012;15;7;136
Vehicle_17;events_9559620;15;14;60
Vehicle_17;events_9561054;15;2;82
Vehicle_17;events_9562759;15;6;47
Vehicle_17;events_9563895;15;4;69
Vehicle_17;events_9565508;15;60;59
Vehicle_17;events_9568608;15;1;3
Vehicle_2;events_8340892;15;53;156
Vehicle_2;events_8362755;15;12;321
Vehicle_2;events_8365824;15;28;174
Vehicle_2;events_8366401;15;105;98
Vehicle_2;events_8366861;15;33;203
Vehicle_2;events_8395890;15;12;198
Vehicle_2;events_8398004;15;22;160
Vehicle_2;events_8399104;15;36;190
Vehicle_2;events_8400364;15;228;92
Vehicle_2;events_8424797;15;15;285
Vehicle_2;events_8427726;15;30;148
Vehicle_2;events_8429038;15;59;195
Vehicle_2;events_8430322;15;18;119
Vehicle_2;events_8457338;15;26;235
Vehicle_2;events_8458275;15;31;211
Vehicle_2;events_8459327;15;35;182
Vehicle_2;events_8460263;15;20;207
Vehicle_2;events_8489228;15;9;274
Vehicle_2;events_8491325;15;54;264
Vehicle_2;events_8492669;15;36;148
Vehicle_2;events_8523552;15;40;233
Vehicle_2;events_8525468;15;19;172
Vehicle_2;events_8526438;15;19;230
Vehicle_2;events_8554290;15;57;259
Vehicle_2;events_8557202;15;10;149
Vehicle_2;events_8558097;15;20;196
Vehicle_2;events_8558723;15;163;213
Vehicle_2;events_8559209;15;5;47
Vehicle_2;events_8593968;15;126;79
Vehicle_2;events_8594403;15;33;203
Vehicle_2;events_8626542;15;17;257
Vehicle_2;events_8628936;15;23;179
Vehicle_2;events_8630950;15;114;129
Vehicle_2;events_8631524;15;11;178
Vehicle_2;events_8669656;15;27;248
Vehicle_2;events_8670962;15;239;222
Vehicle_2;events_8671772;15;26;257
Vehicle_2;events_8712971;15;232;403
Vehicle_2;events_8718499;15;92;210
Vehicle_2;events_8754421;15;40;178
Vehicle_2;events_8759333;15;11;229
Vehicle_2;events_8761100;15;40;236
Vehicle_2;events_8762581;15;16;163
Vehicle_2;events_8763695;15;19;238
Vehicle_2;events_8794849;15;29;170
Vehicle_2;events_8800158;15;7;122
Vehicle_2;events_8801266;15;7;159
Vehicle_2;events_8802368;15;30;188
Vehicle_2;events_8836283;15;34;169
Vehicle_2;events_8841315;15;18;153
Vehicle_2;events_8842516;15;18;203
Vehicle_2;events_8844413;15;183;72
Vehicle_2;events_8886324;15;17;153
Vehicle_2;events_8890821;15;35;216
Vehicle_2;events_8892672;15;55;357
Vehicle_2;events_8894459;15;25;199
Vehicle_2;events_8931330;15;21;220
Vehicle_2;events_8934550;15;56;189
Vehicle_2;events_8936651;15;44;220
Vehicle_2;events_8937433;15;39;180
Vehicle_2;events_8973308;15;27;209
Vehicle_2;events_8978424;15;34;222
Vehicle_2;events_8979552;15;247;204
Vehicle_2;events_9016989;15;26;247
Vehicle_2;events_9020006;15;20;232
Vehicle_2;events_9023645;15;39;224
Vehicle_2;events_9065955;15;9;222
Vehicle_2;events_9068855;15;29;270
Vehicle_2;events_9070576;15;77;134
Vehicle_2;events_9070957;15;12;120
Vehicle_2;events_9114282;15;112;103
Vehicle_2;events_9114913;15;20;182
Vehicle_2;events_9149476;15;20;122
Vehicle_2;events_9150618;15;33;249
Vehicle_2;events_9151388;15;36;197
Vehicle_2;events_9152127;15;172;81
Vehicle_2;events_9152866;15;26;211
Vehicle_2;events_9189112;15;10;248
Vehicle_2;events_9196254;15;4;193
Vehicle_2;events_9197667;15;139;106
Vehicle_2;events_9198575;15;60;221
Vehicle_2;events_9238829;15;29;237
Vehicle_2;events_9240542;15;39;197
Vehicle_2;events_9241212;15;11;77
Vehicle_2;events_9241547;15;49;13
Vehicle_2;events_9241721;15;18;106
Vehicle_2;events_9242034;15;42;78
Vehicle_2;events_9242359;15;18;122
Vehicle_2;events_9242585;15;18;139
Vehicle_2;events_9274639;15;4;157
Vehicle_2;events_9277424;15;44;201
Vehicle_2;events_9279209;15;97;164
Vehicle_2;events_9280353;15;14;167
Vehicle_2;events_9306036;15;56;151
Vehicle_2;events_9308949;15;56;266
Vehicle_2;events_9309752;15;200;236
Vehicle_2;events_9310557;15;36;209
Vehicle_2;events_9347303;15;63;210
Vehicle_2;events_9347948;15;65;161
Vehicle_2;events_9388167;15;13;130
Vehicle_2;events_9389825;15;83;133
Vehicle_2;events_9390669;15;12;294
Vehicle_2;events_9434990;15;9;177
Vehicle_2;events_9436430;15;2;159
Vehicle_2;events_9438309;15;4;224
Vehicle_2;events_9439451;15;4;203
Vehicle_2;events_9481596;15;24;187
Vehicle_2;events_9485205;15;51;265
Vehicle_2;events_9487183;15;31;238
Vehicle_2;events_9488848;15;31;254
Vehicle_2;events_9528688;15;33;205
Vehicle_2;events_9531644;15;32;185
Vehicle_2;events_9533078;15;11;235
Vehicle_2;events_9567940;15;21;132
Vehicle_2;events_9571538;15;26;315
Vehicle_2;events_9573552;15;14;221
Vehicle_2;events_9574020;15;4;6
Vehicle_3;events_8364272;15;3;45
Vehicle_3;events_8364835;15;46;323
Vehicle_3;events_8366417;15;103;202
Vehicle_3;events_8395329;15;63;326
Vehicle_3;events_8397479;15;32;219
Vehicle_3;events_8400513;15;144;246
Vehicle_3;events_8428451;15;66;266
Vehicle_3;events_8429455;15;57;305
Vehicle_3;events_8456613;15;42;268
Vehicle_3;events_8458011;15;65;238
Vehicle_3;events_8524670;15;59;285
Vehicle_3;events_8558134;15;36;215
Vehicle_3;events_8558641;15;4;13
Vehicle_3;events_8558746;15;145;221
Vehicle_3;events_8591397;15;16;249
Vehicle_3;events_8593776;15;76;216
Vehicle_3;events_8627640;15;44;200
Vehicle_3;events_8630162;15;12;455
Vehicle_3;events_8630992;15;3;24
Vehicle_3;events_8665517;15;29;289
Vehicle_3;events_8710363;15;72;279
Vehicle_3;events_8713928;15;81;259
Vehicle_3;events_8717754;15;105;230
Vehicle_3;events_8760397;15;37;286
Vehicle_3;events_8762290;15;135;255
Vehicle_3;events_8797355;15;56;250
Vehicle_3;events_8800187;15;3;13
Vehicle_3;events_8801566;15;19;215
Vehicle_3;events_8883235;15;22;312
Vehicle_3;events_8892021;15;48;255
Vehicle_3;events_8934332;15;52;282
Vehicle_3;events_8936207;15;51;271
Vehicle_3;events_8937026;15;86;185
Vehicle_3;events_8978889;15;1;20
Vehicle_3;events_8979128;15;47;264
Vehicle_3;events_8979713;15;3;15
Vehicle_3;events_8979928;15;23;221
Vehicle_3;events_9018208;15;34;297
Vehicle_3;events_9020587;15;47;248
Vehicle_3;events_9066024;15;56;381
Vehicle_3;events_9069392;15;58;243
Vehicle_3;events_9070620;15;78;197
Vehicle_3;events_9113346;15;73;291
Vehicle_3;events_9149814;15;40;352
Vehicle_3;events_9151028;15;96;472
Vehicle_3;events_9191845;15;86;285
Vehicle_3;events_9195071;15;58;273
Vehicle_3;events_9196221;15;50;320
Vehicle_3;events_9197465;15;92;336
Vehicle_3;events_9239047;15;54;232
Vehicle_3;events_9240399;15;11;335
Vehicle_3;events_9276985;15;158;464
Vehicle_3;events_9388323;15;96;271
Vehicle_3;events_9389533;15;163;280
Vehicle_3;events_9434035;15;72;323
Vehicle_3;events_9436783;15;116;271
Vehicle_3;events_9438618;15;95;285
Vehicle_3;events_9482872;15;50;262
Vehicle_3;events_9485495;15;87;308
Vehicle_3;events_9486878;15;90;291
Vehicle_3;events_9528434;15;29;207
Vehicle_3;events_9530578;15;75;322
Vehicle_3;events_9572546;15;157;319
Vehicle_4;events_8893192;15;5;192
Vehicle_4;events_8893676;15;0;4
Vehicle_4;events_8930233;15;7;290
Vehicle_4;events_8933810;15;3;161
Vehicle_4;events_8971547;15;57;140
Vehicle_4;events_8978813;15;60;403
Vehicle_4;events_9005186;15;63;120
Vehicle_4;events_9015754;15;26;187
Vehicle_4;events_9018243;15;10;129
Vehicle_4;events_9019306;15;14;160
Vehicle_4;events_9020501;15;39;164
Vehicle_4;events_9022152;15;24;43
Vehicle_4;events_9022645;15;8;55
Vehicle_4;events_9054550;15;15;185
Vehicle_4;events_9058958;15;14;218
Vehicle_4;events_9065609;15;15;171
Vehicle_4;events_9067780;15;6;203
Vehicle_4;events_9069238;15;36;128
Vehicle_4;events_9069782;15;69;293
Vehicle_4;events_9070595;15;79;157
Vehicle_4;events_9070901;15;1;2
Vehicle_4;events_9104982;15;7;67
Vehicle_4;events_9106825;15;3;106
Vehicle_4;events_9113301;15;21;83
Vehicle_4;events_9113581;15;0;40
Vehicle_4;events_9114351;15;108;114
Vehicle_4;events_9141395;15;18;178
Vehicle_4;events_9146437;15;63;155
Vehicle_4;events_9149206;15;23;197
Vehicle_4;events_9150546;15;21;150
Vehicle_4;events_9151304;15;22;72
Vehicle_4;events_9151678;15;8;49
Vehicle_4;events_9152373;15;56;131
Vehicle_4;events_9182113;15;20;404
Vehicle_4;events_9192783;15;27;43
Vehicle_4;events_9193923;15;3;40
Vehicle_4;events_9225096;15;29;410
Vehicle_4;events_9237382;15;0;3
Vehicle_4;events_9237463;15;19;140
Vehicle_4;events_9239532;15;5;199
Vehicle_4;events_9277055;15;10;202
Vehicle_4;events_9277777;15;11;122
Vehicle_4;events_9301826;15;26;326
Vehicle_4;events_9306437;15;18;65
Vehicle_4;events_9309134;15;22;119
Vehicle_4;events_9309557;15;31;142
Vehicle_4;events_9346553;15;16;123
Vehicle_4;events_9346978;15;22;83
Vehicle_4;events_9379490;15;5;59
Vehicle_4;events_9381297;15;3;42
Vehicle_4;events_9387203;15;55;193
Vehicle_4;events_9389194;15;33;69
Vehicle_4;events_9389590;15;17;155
Vehicle_4;events_9389871;15;1;1
Vehicle_4;events_9419648;15;30;89
Vehicle_4;events_9427224;15;5;203
Vehicle_4;events_9434177;15;10;118
Vehicle_4;events_9438045;15;29;120
Vehicle_4;events_9471375;15;1;3
Vehicle_4;events_9477474;15;5;6
Vehicle_4;events_9478424;15;54;119
Vehicle_4;events_9481978;15;21;138
Vehicle_4;events_9484077;15;3;2
Vehicle_4;events_9484507;15;32;94
Vehicle_4;events_9485242;15;4;24
Vehicle_4;events_9485648;15;45;180
Vehicle_4;events_9486635;15;15;126
Vehicle_4;events_9487423;15;0;72
Vehicle_4;events_9517085;15;56;377
Vehicle_4;events_9526518;15;35;211
Vehicle_4;events_9530337;15;1;2
Vehicle_4;events_9530510;15;10;141
Vehicle_4;events_9531348;15;3;47
Vehicle_4;events_9531439;15;12;58
Vehicle_4;events_9531636;15;2;23
Vehicle_4;events_9531700;15;1;29
Vehicle_4;events_9531779;15;4;49
Vehicle_4;events_9531913;15;1;115
Vehicle_4;events_9532149;15;1;19
Vehicle_4;events_9532206;15;1;16
Vehicle_4;events_9532231;15;3;24
Vehicle_4;events_9559286;15;42;384
Vehicle_4;events_9566180;15;6;34
Vehicle_4;events_9569130;15;3;13
Vehicle_4;events_9569609;15;3;28
Vehicle_4;events_9570490;15;15;377
Vehicle_6;events_8358235;15;25;93
Vehicle_6;events_8360285;15;14;102
Vehicle_6;events_8361762;15;11;104
Vehicle_6;events_8362456;15;12;103
Vehicle_6;events_8363660;15;19;99
Vehicle_6;events_8364490;15;24;90
Vehicle_6;events_8365022;15;15;104
Vehicle_6;events_8365276;15;18;105
Vehicle_6;events_8365591;15;30;91
Vehicle_6;events_8391077;15;22;132
Vehicle_6;events_8395588;15;60;141
Vehicle_6;events_8396786;15;18;96
Vehicle_6;events_8397214;15;23;78
Vehicle_6;events_8397956;15;17;98
Vehicle_6;events_8398420;15;21;89
Vehicle_6;events_8399138;15;25;204
Vehicle_6;events_8418568;15;10;107
Vehicle_6;events_8422756;15;21;87
Vehicle_6;events_8424065;15;1;34
Vehicle_6;events_8424441;15;6;28
Vehicle_6;events_8424747;15;18;88
Vehicle_6;events_8425676;15;5;39
Vehicle_6;events_8426031;15;12;96
Vehicle_6;events_8426757;15;11;102
Vehicle_6;events_8427604;15;29;86
Vehicle_6;events_8427960;15;19;96
Vehicle_6;events_8428275;15;12;100
Vehicle_6;events_8428647;15;19;98
Vehicle_6;events_8428930;15;19;90
Vehicle_6;events_8429206;15;20;53
Vehicle_6;events_8447141;15;4;10
Vehicle_6;events_8447595;15;115;150
Vehicle_6;events_8451655;15;5;31
Vehicle_6;events_8452120;15;27;41
Vehicle_6;events_8453032;15;25;33
Vehicle_6;events_8453857;15;32;192
Vehicle_6;events_8455950;15;14;48
Vehicle_6;events_8456315;15;5;31
Vehicle_6;events_8456592;15;17;96
Vehicle_6;events_8457020;15;29;129
Vehicle_6;events_8457919;15;22;78
Vehicle_6;events_8458662;15;34;78
Vehicle_6;events_8480054;15;8;10
Vehicle_6;events_8483519;15;33;68
Vehicle_6;events_8487189;15;19;149
Vehicle_6;events_8489347;15;14;101
Vehicle_6;events_8490121;15;36;103
Vehicle_6;events_8491383;15;10;12
Vehicle_6;events_8512268;15;16;32
Vehicle_6;events_8512865;15;7;20
Vehicle_6;events_8513190;15;26;74
Vehicle_6;events_8515071;15;37;70
Vehicle_6;events_8517833;15;41;24
Vehicle_6;events_8519693;15;82;82
Vehicle_6;events_8521554;15;42;73
Vehicle_6;events_8522974;15;10;82
Vehicle_6;events_8523710;15;16;52
Vehicle_6;events_8524010;15;12;21
Vehicle_6;events_8524259;15;50;163
Vehicle_6;events_8525220;15;20;95
Vehicle_6;events_8548206;15;22;87
Vehicle_6;events_8552990;15;13;94
Vehicle_6;events_8557625;15;17;97
Vehicle_6;events_8579376;15;51;118
Vehicle_6;events_8582730;15;22;70
Vehicle_6;events_8585059;15;2;2
Vehicle_6;events_8585160;15;30;88
Vehicle_6;events_8586585;15;4;9
Vehicle_6;events_8586862;15;48;100
Vehicle_6;events_8588470;15;47;82
Vehicle_6;events_8614185;15;14;7
Vehicle_6;events_8614437;15;38;78
Vehicle_6;events_8624389;15;12;112
Vehicle_6;events_8629129;15;36;75
Vehicle_6;events_8629545;15;13;105
Vehicle_6;events_8629779;15;17;92
Vehicle_6;events_8630082;15;11;95
Vehicle_6;events_8630389;15;16;105
Vehicle_6;events_8653569;15;14;8
Vehicle_6;events_8663167;15;3;35
Vehicle_6;events_8664902;15;22;34
Vehicle_6;events_8666736;15;21;48
Vehicle_6;events_8669260;15;19;83
Vehicle_6;events_8697321;15;15;19
Vehicle_6;events_8705474;15;6;58
Vehicle_6;events_8707254;15;35;49
Vehicle_6;events_8709607;15;52;55
Vehicle_6;events_8710831;15;19;86
Vehicle_6;events_8711724;15;19;94
Vehicle_6;events_8712321;15;31;81
Vehicle_6;events_8713138;15;22;95
Vehicle_6;events_8714117;15;4;69
Vehicle_6;events_8714580;15;7;54
Vehicle_6;events_8744569;15;21;70
Vehicle_6;events_8749707;15;31;45
Vehicle_6;events_8751776;15;3;26
Vehicle_6;events_8752752;15;28;83
Vehicle_6;events_8756547;15;31;83
Vehicle_6;events_8758068;15;7;42
Vehicle_6;events_8758567;15;24;69
Vehicle_6;events_8759605;15;42;175
Vehicle_6;events_8760920;15;29;36
Vehicle_6;events_8761247;15;17;94
Vehicle_6;events_8791533;15;39;27
Vehicle_6;events_8793906;15;30;83
Vehicle_6;events_8797431;15;30;83
Vehicle_6;events_8798715;15;23;87
Vehicle_6;events_8799413;15;22;136
Vehicle_6;events_8800879;15;12;99
Vehicle_6;events_8801211;15;8;74
Vehicle_6;events_8801366;15;6;9
Vehicle_6;events_8826060;15;14;19
Vehicle_6;events_8829021;15;5;29
Vehicle_6;events_8829809;15;11;43
Vehicle_6;events_8833956;15;19;96
Vehicle_6;events_8836170;15;15;100
Vehicle_6;events_8838022;15;35;132
Vehicle_6;events_8840021;15;9;15
Vehicle_6;events_8841565;15;29;199
Vehicle_6;events_8888602;15;35;67
Vehicle_6;events_8889802;15;52;145
Vehicle_6;events_8891258;15;12;48
Vehicle_6;events_8891547;15;1;27
Vehicle_6;events_8891802;15;33;85
Vehicle_6;events_8892248;15;56;166
Vehicle_6;events_8920322;15;15;43
Vehicle_6;events_8921752;15;15;57
Vehicle_6;events_8925093;15;38;73
Vehicle_6;events_8926966;15;8;99
Vehicle_6;events_8928755;15;27;116
Vehicle_6;events_8930926;15;26;75
Vehicle_6;events_8932171;15;52;126
Vehicle_6;events_8933911;15;17;93
Vehicle_6;events_8935125;15;59;102
Vehicle_6;events_8935776;15;21;110
Vehicle_6;events_8936098;15;20;90
Vehicle_6;events_8974040;15;57;160
Vehicle_6;events_8978380;15;5;3
Vehicle_6;events_9013473;15;20;97
Vehicle_6;events_9016142;15;9;21
Vehicle_6;events_9016606;15;10;19
Vehicle_6;events_9017074;15;6;21
Vehicle_6;events_9018016;15;118;37
Vehicle_6;events_9019132;15;25;37
Vehicle_6;events_9019795;15;15;30
Vehicle_6;events_9020021;15;34;83
Vehicle_6;events_9020751;15;14;94
Vehicle_6;events_9021202;15;10;10
Vehicle_6;events_9061682;15;22;71
Vehicle_6;events_9067996;15;27;86
Vehicle_6;events_9068618;15;38;69
Vehicle_6;events_9069195;15;3;5
Vehicle_6;events_9069244;15;14;97
Vehicle_6;events_9069815;15;30;84
Vehicle_6;events_9099215;15;35;27
Vehicle_6;events_9111314;15;52;109
Vehicle_6;events_9112224;15;85;133
Vehicle_6;events_9112841;15;32;80
Vehicle_6;events_9139794;15;15;30
Vehicle_6;events_9140396;15;7;34
Vehicle_6;events_9141093;15;8;11
Vehicle_6;events_9141700;15;16;35
Vehicle_6;events_9142926;15;20;28
Vehicle_6;events_9143516;15;8;21
Vehicle_6;events_9144182;15;52;48
Vehicle_6;events_9145376;15;9;20
Vehicle_6;events_9149163;15;29;57
Vehicle_6;events_9149949;15;4;12
Vehicle_6;events_9150073;15;18;34
Vehicle_6;events_9150450;15;26;41
Vehicle_6;events_9150625;15;5;15
Vehicle_6;events_9150740;15;44;42
Vehicle_6;events_9150991;15;21;33
Vehicle_6;events_9151240;15;24;26
Vehicle_6;events_9151364;15;24;22
Vehicle_6;events_9184326;15;5;55
Vehicle_6;events_9185336;15;10;47
Vehicle_6;events_9187124;15;16;80
Vehicle_6;events_9188814;15;5;91
Vehicle_6;events_9191526;15;13;85
Vehicle_6;events_9192784;15;14;78
Vehicle_6;events_9193828;15;19;96
Vehicle_6;events_9194990;15;22;87
Vehicle_6;events_9195417;15;43;72
Vehicle_6;events_9195829;15;4;9
Vehicle_6;events_9222680;15;16;13
Vehicle_6;events_9223782;15;7;18
Vehicle_6;events_9224173;15;32;54
Vehicle_6;events_9225628;15;59;92
Vehicle_6;events_9228621;15;7;19
Vehicle_6;events_9229096;15;31;32
Vehicle_6;events_9230337;15;43;32
Vehicle_6;events_9232242;15;61;28
Vehicle_6;events_9233966;15;12;15
Vehicle_6;events_9235254;15;2;10
Vehicle_6;events_9235800;15;6;77
Vehicle_6;events_9237093;15;6;70
Vehicle_6;events_9238165;15;11;37
Vehicle_6;events_9238675;15;65;152
Vehicle_6;events_9239627;15;68;100
Vehicle_6;events_9240127;15;12;26
Vehicle_6;events_9240242;15;15;54
Vehicle_6;events_9240589;15;17;97
Vehicle_6;events_9277553;15;37;74
Vehicle_6;events_9277875;15;30;117
Vehicle_6;events_9306926;15;30;30
Vehicle_6;events_9307264;15;13;15
Vehicle_6;events_9308231;15;1;10
Vehicle_6;events_9308337;15;43;187
Vehicle_6;events_9308972;15;12;17
Vehicle_6;events_9336602;15;58;74
Vehicle_6;events_9345842;15;57;49
Vehicle_6;events_9346367;15;18;10
Vehicle_6;events_9376947;15;12;102
Vehicle_6;events_9378987;15;47;184
Vehicle_6;events_9385142;15;17;98
Vehicle_6;events_9386274;15;34;90
Vehicle_6;events_9387135;15;21;69
Vehicle_6;events_9387727;15;35;77
Vehicle_6;events_9388375;15;33;78
Vehicle_6;events_9424238;15;15;96
Vehicle_6;events_9430021;15;33;49
Vehicle_6;events_9431352;15;13;41
Vehicle_6;events_9433629;15;10;104
Vehicle_6;events_9436446;15;63;80
Vehicle_6;events_9437017;15;2;10
Vehicle_6;events_9437121;15;19;21
Vehicle_6;events_9468359;15;9;14
Vehicle_6;events_9468762;15;20;153
Vehicle_6;events_9472065;15;6;5
Vehicle_6;events_9472960;15;8;36
Vehicle_6;events_9473911;15;9;50
Vehicle_6;events_9475308;15;12;36
Vehicle_6;events_9476572;15;2;3
Vehicle_6;events_9558837;15;18;18
Vehicle_6;events_9571054;15;15;18
Vehicle_6;events_9571257;15;25;198
Vehicle_6;events_9572317;15;19;98
Vehicle_6;events_9572699;15;42;82
Vehicle_6;events_9573077;15;31;70
Vehicle_8;events_8362615;15;28;317
Vehicle_8;events_8364844;15;35;275
Vehicle_8;events_8366302;15;3;8
Vehicle_8;events_8366414;15;105;194
Vehicle_8;events_8396158;15;22;290
Vehicle_8;events_8397858;15;3;13
Vehicle_8;events_8398030;15;44;269
Vehicle_8;events_8400533;15;140;207
Vehicle_8;events_8429778;15;105;186
Vehicle_8;events_8455651;15;27;283
Vehicle_8;events_8457773;15;36;274
Vehicle_8;events_8489748;15;40;281
Vehicle_8;events_8491299;15;41;276
Vehicle_8;events_8492334;15;90;182
Vehicle_8;events_8524381;15;69;260
Vehicle_8;events_8526140;15;69;209
Vehicle_8;events_8553703;15;71;304
Vehicle_8;events_8557184;15;50;261
Vehicle_8;events_8557936;15;37;290
Vehicle_8;events_8558750;15;119;198
Vehicle_8;events_8588013;15;16;286
Vehicle_8;events_8590839;15;25;286
Vehicle_8;events_8594041;15;36;105
Vehicle_8;events_8594287;15;13;115
Vehicle_8;events_8628212;15;35;272
Vehicle_8;events_8630021;15;57;248
Vehicle_8;events_8630803;15;121;155
Vehicle_8;events_8665582;15;35;281
Vehicle_8;events_8671192;15;59;122
Vehicle_8;events_8671613;15;3;81
Vehicle_8;events_8709575;15;45;281
Vehicle_8;events_8712733;15;3;14
Vehicle_8;events_8713218;15;72;248
Vehicle_8;events_8716137;15;6;15
Vehicle_8;events_8717156;15;16;187
Vehicle_8;events_8892448;15;40;259
Vehicle_8;events_8935104;15;75;226
Vehicle_8;events_8937156;15;97;215
Vehicle_8;events_8979411;15;129;177
Vehicle_8;events_9017022;15;97;213
Vehicle_8;events_9019815;15;4;18
Vehicle_8;events_9020636;15;36;256
Vehicle_8;events_9069942;15;21;284
Vehicle_8;events_9070622;15;83;192
Vehicle_8;events_9113341;15;78;263
Vehicle_8;events_9114513;15;105;196
Vehicle_8;events_9149898;15;35;243
Vehicle_8;events_9151191;15;67;236
Vehicle_8;events_9191844;15;71;233
Vehicle_8;events_9195015;15;20;274
Vehicle_8;events_9196227;15;37;265
Vehicle_8;events_9197382;15;88;161
Vehicle_8;events_9231428;15;26;300
Vehicle_8;events_9237143;15;32;192
Vehicle_8;events_9239386;15;62;270
Vehicle_8;events_9240724;15;5;9
Vehicle_8;events_9277882;15;65;274
Vehicle_8;events_9279494;15;131;234
Vehicle_8;events_9309140;15;31;268
Vehicle_8;events_9309902;15;115;200
Vehicle_8;events_9347695;15;2;14
Vehicle_8;events_9387533;15;27;295
Vehicle_8;events_9388984;15;45;282
Vehicle_8;events_9389969;15;82;153
Vehicle_8;events_9435383;15;26;300
Vehicle_8;events_9438775;15;131;177
Vehicle_8;events_9484980;15;19;243
Vehicle_8;events_9486223;15;25;287
Vehicle_8;events_9529675;15;53;281
Vehicle_8;events_9572348;15;18;194
Vehicle_8;events_9573092;15;4;18
Vehicle_8;events_9573209;15;34;256
Vehicle_9;events_8358757;15;18;126
Vehicle_9;events_8360659;15;25;190
Vehicle_9;events_8362494;15;31;141
Vehicle_9;events_8363641;15;17;100
Vehicle_9;events_8364206;15;8;88
Vehicle_9;events_8364818;15;52;111
Vehicle_9;events_8365613;15;16;96
Vehicle_9;events_8387157;15;10;14
Vehicle_9;events_8387598;15;36;68
Vehicle_9;events_8390861;15;14;163
Vehicle_9;events_8395908;15;32;189
Vehicle_9;events_8397111;15;0;77
Vehicle_9;events_8397643;15;4;56
Vehicle_9;events_8397945;15;13;42
Vehicle_9;events_8399283;15;28;62
Vehicle_9;events_8423028;15;5;87
Vehicle_9;events_8425013;15;31;139
Vehicle_9;events_8426340;15;13;89
Vehicle_9;events_8427595;15;10;111
Vehicle_9;events_8428076;15;4;70
Vehicle_9;events_8428274;15;8;68
Vehicle_9;events_8428461;15;11;21
Vehicle_9;events_8428616;15;24;98
Vehicle_9;events_8428933;15;42;68
Vehicle_9;events_8448900;15;33;186
Vehicle_9;events_8451571;15;7;53
Vehicle_9;events_8452270;15;4;55
Vehicle_9;events_8453266;15;3;116
Vehicle_9;events_8454500;15;9;96
Vehicle_9;events_8456446;15;11;83
Vehicle_9;events_8456860;15;21;175
Vehicle_9;events_8457732;15;4;115
Vehicle_9;events_8458290;15;24;77
Vehicle_9;events_8458640;15;1;84
Vehicle_9;events_8458842;15;5;57
Vehicle_9;events_8483492;15;13;100
Vehicle_9;events_8487164;15;48;124
Vehicle_9;events_8490255;15;13;103
Vehicle_9;events_8511142;15;7;14
Vehicle_9;events_8512261;15;6;96
Vehicle_9;events_8513566;15;4;20
Vehicle_9;events_8514124;15;45;186
Vehicle_9;events_8517707;15;26;137
Vehicle_9;events_8519655;15;68;109
Vehicle_9;events_8521579;15;6;113
Vehicle_9;events_8522952;15;17;74
Vehicle_9;events_8523702;15;10;163
Vehicle_9;events_8524276;15;11;24
Vehicle_9;events_8524378;15;27;145
Vehicle_9;events_8524696;15;21;144
Vehicle_9;events_8525200;15;19;90
Vehicle_9;events_8548044;15;17;40
Vehicle_9;events_8549024;15;25;129
Vehicle_9;events_8552521;15;10;93
Vehicle_9;events_8553957;15;8;67
Vehicle_9;events_8555310;15;22;90
Vehicle_9;events_8557506;15;28;85
Vehicle_9;events_8557955;15;22;85
Vehicle_9;events_8575349;15;1;7
Vehicle_9;events_8576507;15;1;12
Vehicle_9;events_8576826;15;6;15
Vehicle_9;events_8577591;15;18;67
Vehicle_9;events_8579293;15;17;142
Vehicle_9;events_8582676;15;9;97
Vehicle_9;events_8585229;15;37;96
Vehicle_9;events_8586777;15;27;202
Vehicle_9;events_8591473;15;20;102
Vehicle_9;events_8614528;15;20;95
Vehicle_9;events_8620869;15;15;94
Vehicle_9;events_8624356;15;14;110
Vehicle_9;events_8629212;15;12;43
Vehicle_9;events_8629531;15;12;58
Vehicle_9;events_8629807;15;14;108
Vehicle_9;events_8630071;15;13;176
Vehicle_9;events_8664853;15;54;59
Vehicle_9;events_8666678;15;20;98
Vehicle_9;events_8669297;15;31;55
Vehicle_9;events_8670353;15;15;16
Vehicle_9;events_8707225;15;33;97
Vehicle_9;events_8709785;15;1;47
Vehicle_9;events_8710340;15;7;50
Vehicle_9;events_8710854;15;2;54
Vehicle_9;events_8711325;15;40;62
Vehicle_9;events_8712338;15;24;90
Vehicle_9;events_8713124;15;26;72
Vehicle_9;events_8873148;15;20;20
Vehicle_9;events_8881802;15;44;66
Vehicle_9;events_8888450;15;15;115
Vehicle_9;events_8889923;15;33;86
Vehicle_9;events_8891039;15;11;103
Vehicle_9;events_8891584;15;11;106
Vehicle_9;events_8892048;15;14;81
Vehicle_9;events_8892426;15;11;107
Vehicle_9;events_8918735;15;10;94
Vehicle_9;events_8920454;15;23;78
Vehicle_9;events_8931211;15;26;86
Vehicle_9;events_8932574;15;35;116
Vehicle_9;events_8934121;15;9;43
Vehicle_9;events_8935148;15;30;88
Vehicle_9;events_8935796;15;14;94
Vehicle_9;events_8936336;15;1;7
Vehicle_9;events_8936382;15;5;4
Vehicle_9;events_8936413;15;11;10
Vehicle_9;events_8965040;15;2;26
Vehicle_9;events_8965527;15;2;20
Vehicle_9;events_8966101;15;20;11
Vehicle_9;events_8971368;15;15;120
Vehicle_9;events_8974153;15;10;104
Vehicle_9;events_8975561;15;1;9
Vehicle_9;events_8975888;15;16;78
Vehicle_9;events_8976977;15;10;40
Vehicle_9;events_8977446;15;35;73
Vehicle_9;events_8977960;15;11;14
Vehicle_9;events_9003295;15;5;21
Vehicle_9;events_9013496;15;36;41
Vehicle_9;events_9016120;15;7;89
Vehicle_9;events_9017052;15;14;95
Vehicle_9;events_9017997;15;25;105
Vehicle_9;events_9020034;15;9;111
Vehicle_9;events_9054155;15;9;40
Vehicle_9;events_9059304;15;48;58
Vehicle_9;events_9061774;15;26;56
Vehicle_9;events_9068345;15;21;159
Vehicle_9;events_9069154;15;22;163
Vehicle_9;events_9069501;15;26;80
Vehicle_9;events_9069808;15;45;63
Vehicle_9;events_9070054;15;14;9
Vehicle_9;events_9098219;15;4;12
Vehicle_9;events_9098803;15;16;95
Vehicle_9;events_9111332;15;30;40
Vehicle_9;events_9111749;15;38;37
Vehicle_9;events_9112258;15;19;89
Vehicle_9;events_9112561;15;3;108
Vehicle_9;events_9112842;15;29;47
Vehicle_9;events_9144554;15;29;82
Vehicle_9;events_9146318;15;0;30
Vehicle_9;events_9146909;15;6;36
Vehicle_9;events_9147701;15;1;23
Vehicle_9;events_9148047;15;0;31
Vehicle_9;events_9149135;15;15;93
Vehicle_9;events_9149907;15;12;95
Vehicle_9;events_9150301;15;9;91
Vehicle_9;events_9150736;15;19;73
Vehicle_9;events_9150982;15;102;133
Vehicle_9;events_9184411;15;12;16
Vehicle_9;events_9185389;15;30;20
Vehicle_9;events_9186451;15;33;32
Vehicle_9;events_9187590;15;12;95
Vehicle_9;events_9189462;15;10;104
Vehicle_9;events_9191336;15;13;57
Vehicle_9;events_9192528;15;14;142
Vehicle_9;events_9193818;15;19;76
Vehicle_9;events_9194754;15;23;94
Vehicle_9;events_9195458;15;6;32
Vehicle_9;events_9195670;15;10;102
Vehicle_9;events_9196023;15;20;80
Vehicle_9;events_9196419;15;2;15
Vehicle_9;events_9196488;15;14;19
Vehicle_9;events_9223805;15;13;106
Vehicle_9;events_9225574;15;3;118
Vehicle_9;events_9229843;15;11;109
Vehicle_9;events_9232118;15;52;63
Vehicle_9;events_9233818;15;78;154
Vehicle_9;events_9236720;15;28;93
Vehicle_9;events_9238376;15;9;116
Vehicle_9;events_9239029;15;11;101
Vehicle_9;events_9239539;15;4;49
Vehicle_9;events_9239739;15;14;94
Vehicle_9;events_9240102;15;19;102
Vehicle_9;events_9240521;15;35;135
Vehicle_9;events_9240945;15;11;7
Vehicle_9;events_9267873;15;28;142
Vehicle_9;events_9270875;15;18;27
Vehicle_9;events_9271592;15;10;21
Vehicle_9;events_9272167;15;53;98
Vehicle_9;events_9273874;15;40;20
Vehicle_9;events_9274847;15;7;90
Vehicle_9;events_9275491;15;2;51
Vehicle_9;events_9276158;15;7;32
Vehicle_9;events_9276653;15;40;78
Vehicle_9;events_9277160;15;15;9
Vehicle_9;events_9277277;15;12;103
Vehicle_9;events_9277536;15;17;106
Vehicle_9;events_9277872;15;40;114
Vehicle_9;events_9278228;15;2;6
Vehicle_9;events_9278250;15;17;7
Vehicle_9;events_9299888;15;2;26
Vehicle_9;events_9300888;15;45;65
Vehicle_9;events_9303469;15;4;65
Vehicle_9;events_9304797;15;9;59
Vehicle_9;events_9305392;15;31;113
Vehicle_9;events_9306849;15;25;79
Vehicle_9;events_9308198;15;25;89
Vehicle_9;events_9308719;15;63;115
Vehicle_9;events_9309056;15;6;17
Vehicle_9;events_9309420;15;30;72
Vehicle_9;events_9309549;15;15;15
Vehicle_9;events_9387147;15;23;92
Vehicle_9;events_9387713;15;35;86
Vehicle_9;events_9388337;15;24;95
Vehicle_9;events_9419421;15;16;15
Vehicle_9;events_9424413;15;10;46
Vehicle_9;events_9425797;15;12;23
Vehicle_9;events_9426651;15;27;22
Vehicle_9;events_9436482;15;37;175
Vehicle_9;events_9437256;15;61;62
Vehicle_9;events_9468748;15;22;153
Vehicle_9;events_9472120;15;15;104
Vehicle_9;events_9474580;15;7;108
Vehicle_9;events_9476862;15;23;90
Vehicle_9;events_9480513;15;16;80
Vehicle_9;events_9481876;15;12;108
Vehicle_9;events_9483125;15;9;50
Vehicle_9;events_9483711;15;3;51
Vehicle_9;events_9484650;15;16;180
Vehicle_9;events_9485877;15;12;186
Vehicle_9;events_9486663;15;14;131
Vehicle_9;events_9487298;15;24;137
Vehicle_9;events_9527662;15;21;102
Vehicle_9;events_9528629;15;15;104
Vehicle_9;events_9529492;15;51;164
Vehicle_9;events_9530502;15;27;90
Vehicle_9;events_9530793;15;7;24
Vehicle_9;events_9530905;15;18;102
Vehicle_9;events_9531304;15;53;187
Vehicle_9;events_9571021;15;4;112
Vehicle_9;events_9571602;15;3;6
Vehicle_9;events_9571672;15;0;10
Vehicle_9;events_9571781;15;9;93
Vehicle_9;events_9572310;15;10;162
Vehicle_9;events_9573329;15;19;7
